timestamp,load_MW,month,season,weekday,holiday
2016-12-31 00:00:00-05:00,97453.0,December,Winter,Saturday,False
2017-01-01 00:00:00-05:00,89166.0,January,Winter,Sunday,True
2017-01-02 00:00:00-05:00,97391.0,January,Winter,Monday,True
2017-01-03 00:00:00-05:00,102255.0,January,Winter,Tuesday,False
2017-01-04 00:00:00-05:00,109417.0,January,Winter,Wednesday,False
2017-01-05 00:00:00-05:00,117756.0,January,Winter,Thursday,False
2017-01-06 00:00:00-05:00,119080.0,January,Winter,Friday,False
2017-01-07 00:00:00-05:00,121888.0,January,Winter,Saturday,False
2017-01-08 00:00:00-05:00,123997.0,January,Winter,Sunday,False
2017-01-09 00:00:00-05:00,128375.0,January,Winter,Monday,False
2017-01-10 00:00:00-05:00,119369.0,January,Winter,Tuesday,False
2017-01-11 00:00:00-05:00,103971.0,January,Winter,Wednesday,False
2017-01-12 00:00:00-05:00,97111.0,January,Winter,Thursday,False
2017-01-13 00:00:00-05:00,101088.0,January,Winter,Friday,False
2017-01-14 00:00:00-05:00,100639.0,January,Winter,Saturday,False
2017-01-15 00:00:00-05:00,97721.0,January,Winter,Sunday,False
2017-01-16 00:00:00-05:00,104430.0,January,Winter,Monday,True
2017-01-17 00:00:00-05:00,100750.0,January,Winter,Tuesday,False
2017-01-18 00:00:00-05:00,101394.0,January,Winter,Wednesday,False
2017-01-19 00:00:00-05:00,100509.0,January,Winter,Thursday,False
2017-01-20 00:00:00-05:00,98551.0,January,Winter,Friday,False
2017-01-21 00:00:00-05:00,87322.0,January,Winter,Saturday,False
2017-01-22 00:00:00-05:00,89425.0,January,Winter,Sunday,False
2017-01-23 00:00:00-05:00,104799.0,January,Winter,Monday,False
2017-01-24 00:00:00-05:00,104028.0,January,Winter,Tuesday,False
2017-01-25 00:00:00-05:00,100150.0,January,Winter,Wednesday,False
2017-01-26 00:00:00-05:00,103816.0,January,Winter,Thursday,False
2017-01-27 00:00:00-05:00,106927.0,January,Winter,Friday,False
2017-01-28 00:00:00-05:00,98500.0,January,Winter,Saturday,False
2017-01-29 00:00:00-05:00,100779.0,January,Winter,Sunday,False
2017-01-30 00:00:00-05:00,112961.0,January,Winter,Monday,False
2017-01-31 00:00:00-05:00,109489.0,January,Winter,Tuesday,False
2017-02-01 00:00:00-05:00,102823.0,February,Winter,Wednesday,False
2017-02-02 00:00:00-05:00,106697.0,February,Winter,Thursday,False
2017-02-03 00:00:00-05:00,110428.0,February,Winter,Friday,False
2017-02-04 00:00:00-05:00,106223.0,February,Winter,Saturday,False
2017-02-05 00:00:00-05:00,94047.0,February,Winter,Sunday,False
2017-02-06 00:00:00-05:00,104284.0,February,Winter,Monday,False
2017-02-07 00:00:00-05:00,95831.0,February,Winter,Tuesday,False
2017-02-08 00:00:00-05:00,96884.0,February,Winter,Wednesday,False
2017-02-09 00:00:00-05:00,116605.0,February,Winter,Thursday,False
2017-02-10 00:00:00-05:00,116573.0,February,Winter,Friday,False
2017-02-11 00:00:00-05:00,90605.0,February,Winter,Saturday,False
2017-02-12 00:00:00-05:00,92006.0,February,Winter,Sunday,False
2017-02-13 00:00:00-05:00,103797.0,February,Winter,Monday,False
2017-02-14 00:00:00-05:00,105835.0,February,Winter,Tuesday,False
2017-02-15 00:00:00-05:00,105402.0,February,Winter,Wednesday,False
2017-02-16 00:00:00-05:00,108167.0,February,Winter,Thursday,False
2017-02-17 00:00:00-05:00,106855.0,February,Winter,Friday,False
2017-02-18 00:00:00-05:00,86158.0,February,Winter,Saturday,False
2017-02-19 00:00:00-05:00,81517.0,February,Winter,Sunday,False
2017-02-20 00:00:00-05:00,91197.0,February,Winter,Monday,True
2017-02-21 00:00:00-05:00,93377.0,February,Winter,Tuesday,False
2017-02-22 00:00:00-05:00,91024.0,February,Winter,Wednesday,False
2017-02-23 00:00:00-05:00,89459.0,February,Winter,Thursday,False
2017-02-24 00:00:00-05:00,86723.0,February,Winter,Friday,False
2017-02-25 00:00:00-05:00,86256.0,February,Winter,Saturday,False
2017-02-26 00:00:00-05:00,91926.0,February,Winter,Sunday,False
2017-02-27 00:00:00-05:00,99171.0,February,Winter,Monday,False
2017-02-28 00:00:00-05:00,92649.0,February,Winter,Tuesday,False
2017-03-01 00:00:00-05:00,92199.0,March,Spring,Wednesday,False
2017-03-02 00:00:00-05:00,100070.0,March,Spring,Thursday,False
2017-03-03 00:00:00-05:00,103622.0,March,Spring,Friday,False
2017-03-04 00:00:00-05:00,97299.0,March,Spring,Saturday,False
2017-03-05 00:00:00-05:00,94718.0,March,Spring,Sunday,False
2017-03-06 00:00:00-05:00,99980.0,March,Spring,Monday,False
2017-03-07 00:00:00-05:00,92804.0,March,Spring,Tuesday,False
2017-03-08 00:00:00-05:00,91341.0,March,Spring,Wednesday,False
2017-03-09 00:00:00-05:00,90719.0,March,Spring,Thursday,False
2017-03-10 00:00:00-05:00,101799.0,March,Spring,Friday,False
2017-03-11 00:00:00-05:00,99544.0,March,Spring,Saturday,False
2017-03-12 00:00:00-05:00,99623.0,March,Spring,Sunday,False
2017-03-13 00:00:00-04:00,112162.0,March,Spring,Monday,False
2017-03-14 00:00:00-04:00,111704.0,March,Spring,Tuesday,False
2017-03-15 00:00:00-04:00,118550.0,March,Spring,Wednesday,False
2017-03-16 00:00:00-04:00,116005.0,March,Spring,Thursday,False
2017-03-17 00:00:00-04:00,110754.0,March,Spring,Friday,False
2017-03-18 00:00:00-04:00,91819.0,March,Spring,Saturday,False
2017-03-19 00:00:00-04:00,90978.0,March,Spring,Sunday,False
2017-03-20 00:00:00-04:00,102185.0,March,Spring,Monday,False
2017-03-21 00:00:00-04:00,93937.0,March,Spring,Tuesday,False
2017-03-22 00:00:00-04:00,100300.0,March,Spring,Wednesday,False
2017-03-23 00:00:00-04:00,109421.0,March,Spring,Thursday,False
2017-03-24 00:00:00-04:00,98231.0,March,Spring,Friday,False
2017-03-25 00:00:00-04:00,79810.0,March,Spring,Saturday,False
2017-03-26 00:00:00-04:00,84260.0,March,Spring,Sunday,False
2017-03-27 00:00:00-04:00,88726.0,March,Spring,Monday,False
2017-03-28 00:00:00-04:00,89323.0,March,Spring,Tuesday,False
2017-03-29 00:00:00-04:00,88297.0,March,Spring,Wednesday,False
2017-03-30 00:00:00-04:00,91184.0,March,Spring,Thursday,False
2017-03-31 00:00:00-04:00,92744.0,March,Spring,Friday,False
2017-04-01 00:00:00-04:00,82555.0,April,Spring,Saturday,False
2017-04-02 00:00:00-04:00,80811.0,April,Spring,Sunday,False
2017-04-03 00:00:00-04:00,87653.0,April,Spring,Monday,False
2017-04-04 00:00:00-04:00,88468.0,April,Spring,Tuesday,False
2017-04-05 00:00:00-04:00,88417.0,April,Spring,Wednesday,False
2017-04-06 00:00:00-04:00,92090.0,April,Spring,Thursday,False
2017-04-07 00:00:00-04:00,94074.0,April,Spring,Friday,False
2017-04-08 00:00:00-04:00,83763.0,April,Spring,Saturday,False
2017-04-09 00:00:00-04:00,79203.0,April,Spring,Sunday,False
2017-04-10 00:00:00-04:00,87859.0,April,Spring,Monday,False
2017-04-11 00:00:00-04:00,90358.0,April,Spring,Tuesday,False
2017-04-12 00:00:00-04:00,87391.0,April,Spring,Wednesday,False
2017-04-13 00:00:00-04:00,84126.0,April,Spring,Thursday,False
2017-04-14 00:00:00-04:00,79209.0,April,Spring,Friday,False
2017-04-15 00:00:00-04:00,80016.0,April,Spring,Saturday,False
2017-04-16 00:00:00-04:00,81073.0,April,Spring,Sunday,False
2017-04-17 00:00:00-04:00,86859.0,April,Spring,Monday,False
2017-04-18 00:00:00-04:00,86289.0,April,Spring,Tuesday,False
2017-04-19 00:00:00-04:00,87477.0,April,Spring,Wednesday,False
2017-04-20 00:00:00-04:00,91323.0,April,Spring,Thursday,False
2017-04-21 00:00:00-04:00,87277.0,April,Spring,Friday,False
2017-04-22 00:00:00-04:00,77451.0,April,Spring,Saturday,False
2017-04-23 00:00:00-04:00,78445.0,April,Spring,Sunday,False
2017-04-24 00:00:00-04:00,86305.0,April,Spring,Monday,False
2017-04-25 00:00:00-04:00,87840.0,April,Spring,Tuesday,False
2017-04-26 00:00:00-04:00,90409.0,April,Spring,Wednesday,False
2017-04-27 00:00:00-04:00,90906.0,April,Spring,Thursday,False
2017-04-28 00:00:00-04:00,93765.0,April,Spring,Friday,False
2017-04-29 00:00:00-04:00,93325.0,April,Spring,Saturday,False
2017-04-30 00:00:00-04:00,90430.0,April,Spring,Sunday,False
2017-05-01 00:00:00-04:00,93624.0,May,Spring,Monday,False
2017-05-02 00:00:00-04:00,87921.0,May,Spring,Tuesday,False
2017-05-03 00:00:00-04:00,84454.0,May,Spring,Wednesday,False
2017-05-04 00:00:00-04:00,85279.0,May,Spring,Thursday,False
2017-05-05 00:00:00-04:00,87552.0,May,Spring,Friday,False
2017-05-06 00:00:00-04:00,76626.0,May,Spring,Saturday,False
2017-05-07 00:00:00-04:00,77768.0,May,Spring,Sunday,False
2017-05-08 00:00:00-04:00,84955.0,May,Spring,Monday,False
2017-05-09 00:00:00-04:00,85129.0,May,Spring,Tuesday,False
2017-05-10 00:00:00-04:00,87300.0,May,Spring,Wednesday,False
2017-05-11 00:00:00-04:00,85880.0,May,Spring,Thursday,False
2017-05-12 00:00:00-04:00,84221.0,May,Spring,Friday,False
2017-05-13 00:00:00-04:00,77313.0,May,Spring,Saturday,False
2017-05-14 00:00:00-04:00,79024.0,May,Spring,Sunday,False
2017-05-15 00:00:00-04:00,89319.0,May,Spring,Monday,False
2017-05-16 00:00:00-04:00,101414.0,May,Spring,Tuesday,False
2017-05-17 00:00:00-04:00,118620.0,May,Spring,Wednesday,False
2017-05-18 00:00:00-04:00,124058.0,May,Spring,Thursday,False
2017-05-19 00:00:00-04:00,116573.0,May,Spring,Friday,False
2017-05-20 00:00:00-04:00,85401.0,May,Spring,Saturday,False
2017-05-21 00:00:00-04:00,80920.0,May,Spring,Sunday,False
2017-05-22 00:00:00-04:00,88745.0,May,Spring,Monday,False
2017-05-23 00:00:00-04:00,87230.0,May,Spring,Tuesday,False
2017-05-24 00:00:00-04:00,86557.0,May,Spring,Wednesday,False
2017-05-25 00:00:00-04:00,87440.0,May,Spring,Thursday,False
2017-05-26 00:00:00-04:00,87795.0,May,Spring,Friday,False
2017-05-27 00:00:00-04:00,83792.0,May,Spring,Saturday,False
2017-05-28 00:00:00-04:00,81334.0,May,Spring,Sunday,False
2017-05-29 00:00:00-04:00,87207.0,May,Spring,Monday,True
2017-05-30 00:00:00-04:00,95339.0,May,Spring,Tuesday,False
2017-05-31 00:00:00-04:00,99401.0,May,Spring,Wednesday,False
2017-06-01 00:00:00-04:00,102059.0,June,Summer,Thursday,False
2017-06-02 00:00:00-04:00,100905.0,June,Summer,Friday,False
2017-06-03 00:00:00-04:00,95110.0,June,Summer,Saturday,False
2017-06-04 00:00:00-04:00,100606.0,June,Summer,Sunday,False
2017-06-05 00:00:00-04:00,100275.0,June,Summer,Monday,False
2017-06-06 00:00:00-04:00,94720.0,June,Summer,Tuesday,False
2017-06-07 00:00:00-04:00,87797.0,June,Summer,Wednesday,False
2017-06-08 00:00:00-04:00,91771.0,June,Summer,Thursday,False
2017-06-09 00:00:00-04:00,102366.0,June,Summer,Friday,False
2017-06-10 00:00:00-04:00,109710.0,June,Summer,Saturday,False
2017-06-11 00:00:00-04:00,123987.0,June,Summer,Sunday,False
2017-06-12 00:00:00-04:00,141375.0,June,Summer,Monday,False
2017-06-13 00:00:00-04:00,139016.0,June,Summer,Tuesday,False
2017-06-14 00:00:00-04:00,131194.0,June,Summer,Wednesday,False
2017-06-15 00:00:00-04:00,124625.0,June,Summer,Thursday,False
2017-06-16 00:00:00-04:00,119584.0,June,Summer,Friday,False
2017-06-17 00:00:00-04:00,116272.0,June,Summer,Saturday,False
2017-06-18 00:00:00-04:00,119246.0,June,Summer,Sunday,False
2017-06-19 00:00:00-04:00,124938.0,June,Summer,Monday,False
2017-06-20 00:00:00-04:00,115280.0,June,Summer,Tuesday,False
2017-06-21 00:00:00-04:00,120289.0,June,Summer,Wednesday,False
2017-06-22 00:00:00-04:00,130388.0,June,Summer,Thursday,False
2017-06-23 00:00:00-04:00,120641.0,June,Summer,Friday,False
2017-06-24 00:00:00-04:00,109168.0,June,Summer,Saturday,False
2017-06-25 00:00:00-04:00,100104.0,June,Summer,Sunday,False
2017-06-26 00:00:00-04:00,103869.0,June,Summer,Monday,False
2017-06-27 00:00:00-04:00,101909.0,June,Summer,Tuesday,False
2017-06-28 00:00:00-04:00,105100.0,June,Summer,Wednesday,False
2017-06-29 00:00:00-04:00,124563.0,June,Summer,Thursday,False
2017-06-30 00:00:00-04:00,131031.0,June,Summer,Friday,False
2017-07-01 00:00:00-04:00,116933.0,July,Summer,Saturday,False
2017-07-02 00:00:00-04:00,120703.0,July,Summer,Sunday,False
2017-07-03 00:00:00-04:00,126187.0,July,Summer,Monday,False
2017-07-04 00:00:00-04:00,116164.0,July,Summer,Tuesday,True
2017-07-05 00:00:00-04:00,125577.0,July,Summer,Wednesday,False
2017-07-06 00:00:00-04:00,118483.0,July,Summer,Thursday,False
2017-07-07 00:00:00-04:00,124023.0,July,Summer,Friday,False
2017-07-08 00:00:00-04:00,113071.0,July,Summer,Saturday,False
2017-07-09 00:00:00-04:00,110964.0,July,Summer,Sunday,False
2017-07-10 00:00:00-04:00,125540.0,July,Summer,Monday,False
2017-07-11 00:00:00-04:00,130764.0,July,Summer,Tuesday,False
2017-07-12 00:00:00-04:00,136289.0,July,Summer,Wednesday,False
2017-07-13 00:00:00-04:00,136133.0,July,Summer,Thursday,False
2017-07-14 00:00:00-04:00,126528.0,July,Summer,Friday,False
2017-07-15 00:00:00-04:00,116754.0,July,Summer,Saturday,False
2017-07-16 00:00:00-04:00,117938.0,July,Summer,Sunday,False
2017-07-17 00:00:00-04:00,131484.0,July,Summer,Monday,False
2017-07-18 00:00:00-04:00,139400.0,July,Summer,Tuesday,False
2017-07-19 00:00:00-04:00,146553.0,July,Summer,Wednesday,False
2017-07-20 00:00:00-04:00,146082.0,July,Summer,Thursday,False
2017-07-21 00:00:00-04:00,142525.0,July,Summer,Friday,False
2017-07-22 00:00:00-04:00,127571.0,July,Summer,Saturday,False
2017-07-23 00:00:00-04:00,121537.0,July,Summer,Sunday,False
2017-07-24 00:00:00-04:00,125821.0,July,Summer,Monday,False
2017-07-25 00:00:00-04:00,115018.0,July,Summer,Tuesday,False
2017-07-26 00:00:00-04:00,122414.0,July,Summer,Wednesday,False
2017-07-27 00:00:00-04:00,123393.0,July,Summer,Thursday,False
2017-07-28 00:00:00-04:00,118812.0,July,Summer,Friday,False
2017-07-29 00:00:00-04:00,94306.0,July,Summer,Saturday,False
2017-07-30 00:00:00-04:00,107013.0,July,Summer,Sunday,False
2017-07-31 00:00:00-04:00,129365.0,July,Summer,Monday,False
2017-08-01 00:00:00-04:00,132904.0,August,Summer,Tuesday,False
2017-08-02 00:00:00-04:00,129698.0,August,Summer,Wednesday,False
2017-08-03 00:00:00-04:00,132449.0,August,Summer,Thursday,False
2017-08-04 00:00:00-04:00,120635.0,August,Summer,Friday,False
2017-08-05 00:00:00-04:00,99106.0,August,Summer,Saturday,False
2017-08-06 00:00:00-04:00,94114.0,August,Summer,Sunday,False
2017-08-07 00:00:00-04:00,102642.0,August,Summer,Monday,False
2017-08-08 00:00:00-04:00,110544.0,August,Summer,Tuesday,False
2017-08-09 00:00:00-04:00,118716.0,August,Summer,Wednesday,False
2017-08-10 00:00:00-04:00,118209.0,August,Summer,Thursday,False
2017-08-11 00:00:00-04:00,115124.0,August,Summer,Friday,False
2017-08-12 00:00:00-04:00,106305.0,August,Summer,Saturday,False
2017-08-13 00:00:00-04:00,107725.0,August,Summer,Sunday,False
2017-08-14 00:00:00-04:00,115002.0,August,Summer,Monday,False
2017-08-15 00:00:00-04:00,122042.0,August,Summer,Tuesday,False
2017-08-16 00:00:00-04:00,135357.0,August,Summer,Wednesday,False
2017-08-17 00:00:00-04:00,133357.0,August,Summer,Thursday,False
2017-08-18 00:00:00-04:00,133733.0,August,Summer,Friday,False
2017-08-19 00:00:00-04:00,121767.0,August,Summer,Saturday,False
2017-08-20 00:00:00-04:00,120534.0,August,Summer,Sunday,False
2017-08-21 00:00:00-04:00,134204.0,August,Summer,Monday,False
2017-08-22 00:00:00-04:00,136307.0,August,Summer,Tuesday,False
2017-08-23 00:00:00-04:00,117649.0,August,Summer,Wednesday,False
2017-08-24 00:00:00-04:00,107678.0,August,Summer,Thursday,False
2017-08-25 00:00:00-04:00,102545.0,August,Summer,Friday,False
2017-08-26 00:00:00-04:00,93820.0,August,Summer,Saturday,False
2017-08-27 00:00:00-04:00,93239.0,August,Summer,Sunday,False
2017-08-28 00:00:00-04:00,101167.0,August,Summer,Monday,False
2017-08-29 00:00:00-04:00,97260.0,August,Summer,Tuesday,False
2017-08-30 00:00:00-04:00,106558.0,August,Summer,Wednesday,False
2017-08-31 00:00:00-04:00,109231.0,August,Summer,Thursday,False
2017-09-01 00:00:00-04:00,86614.0,September,Fall,Friday,False
2017-09-02 00:00:00-04:00,78574.0,September,Fall,Saturday,False
2017-09-03 00:00:00-04:00,83707.0,September,Fall,Sunday,False
2017-09-04 00:00:00-04:00,98499.0,September,Fall,Monday,True
2017-09-05 00:00:00-04:00,110130.0,September,Fall,Tuesday,False
2017-09-06 00:00:00-04:00,91708.0,September,Fall,Wednesday,False
2017-09-07 00:00:00-04:00,88986.0,September,Fall,Thursday,False
2017-09-08 00:00:00-04:00,87948.0,September,Fall,Friday,False
2017-09-09 00:00:00-04:00,79349.0,September,Fall,Saturday,False
2017-09-10 00:00:00-04:00,82061.0,September,Fall,Sunday,False
2017-09-11 00:00:00-04:00,89880.0,September,Fall,Monday,False
2017-09-12 00:00:00-04:00,94049.0,September,Fall,Tuesday,False
2017-09-13 00:00:00-04:00,99447.0,September,Fall,Wednesday,False
2017-09-14 00:00:00-04:00,102871.0,September,Fall,Thursday,False
2017-09-15 00:00:00-04:00,109841.0,September,Fall,Friday,False
2017-09-16 00:00:00-04:00,106056.0,September,Fall,Saturday,False
2017-09-17 00:00:00-04:00,106067.0,September,Fall,Sunday,False
2017-09-18 00:00:00-04:00,109715.0,September,Fall,Monday,False
2017-09-19 00:00:00-04:00,110320.0,September,Fall,Tuesday,False
2017-09-20 00:00:00-04:00,123505.0,September,Fall,Wednesday,False
2017-09-21 00:00:00-04:00,128445.0,September,Fall,Thursday,False
2017-09-22 00:00:00-04:00,123026.0,September,Fall,Friday,False
2017-09-23 00:00:00-04:00,119040.0,September,Fall,Saturday,False
2017-09-24 00:00:00-04:00,122439.0,September,Fall,Sunday,False
2017-09-25 00:00:00-04:00,132899.0,September,Fall,Monday,False
2017-09-26 00:00:00-04:00,129115.0,September,Fall,Tuesday,False
2017-09-27 00:00:00-04:00,126272.0,September,Fall,Wednesday,False
2017-09-28 00:00:00-04:00,102573.0,September,Fall,Thursday,False
2017-09-29 00:00:00-04:00,89637.0,September,Fall,Friday,False
2017-09-30 00:00:00-04:00,76828.0,September,Fall,Saturday,False
2017-10-01 00:00:00-04:00,80015.0,October,Fall,Sunday,False
2017-10-02 00:00:00-04:00,91563.0,October,Fall,Monday,False
2017-10-03 00:00:00-04:00,94928.0,October,Fall,Tuesday,False
2017-10-04 00:00:00-04:00,96967.0,October,Fall,Wednesday,False
2017-10-05 00:00:00-04:00,97941.0,October,Fall,Thursday,False
2017-10-06 00:00:00-04:00,99600.0,October,Fall,Friday,False
2017-10-07 00:00:00-04:00,97198.0,October,Fall,Saturday,False
2017-10-08 00:00:00-04:00,96561.0,October,Fall,Sunday,False
2017-10-09 00:00:00-04:00,109812.0,October,Fall,Monday,True
2017-10-10 00:00:00-04:00,108926.0,October,Fall,Tuesday,False
2017-10-11 00:00:00-04:00,98105.0,October,Fall,Wednesday,False
2017-10-12 00:00:00-04:00,89746.0,October,Fall,Thursday,False
2017-10-13 00:00:00-04:00,87358.0,October,Fall,Friday,False
2017-10-14 00:00:00-04:00,84503.0,October,Fall,Saturday,False
2017-10-15 00:00:00-04:00,87010.0,October,Fall,Sunday,False
2017-10-16 00:00:00-04:00,87573.0,October,Fall,Monday,False
2017-10-17 00:00:00-04:00,88259.0,October,Fall,Tuesday,False
2017-10-18 00:00:00-04:00,88162.0,October,Fall,Wednesday,False
2017-10-19 00:00:00-04:00,88120.0,October,Fall,Thursday,False
2017-10-20 00:00:00-04:00,85681.0,October,Fall,Friday,False
2017-10-21 00:00:00-04:00,80061.0,October,Fall,Saturday,False
2017-10-22 00:00:00-04:00,82773.0,October,Fall,Sunday,False
2017-10-23 00:00:00-04:00,91853.0,October,Fall,Monday,False
2017-10-24 00:00:00-04:00,91839.0,October,Fall,Tuesday,False
2017-10-25 00:00:00-04:00,89317.0,October,Fall,Wednesday,False
2017-10-26 00:00:00-04:00,88985.0,October,Fall,Thursday,False
2017-10-27 00:00:00-04:00,89307.0,October,Fall,Friday,False
2017-10-28 00:00:00-04:00,82206.0,October,Fall,Saturday,False
2017-10-29 00:00:00-04:00,86174.0,October,Fall,Sunday,False
2017-10-30 00:00:00-04:00,93335.0,October,Fall,Monday,False
2017-10-31 00:00:00-04:00,92428.0,October,Fall,Tuesday,False
2017-11-01 00:00:00-04:00,93214.0,November,Fall,Wednesday,False
2017-11-02 00:00:00-04:00,90353.0,November,Fall,Thursday,False
2017-11-03 00:00:00-04:00,86873.0,November,Fall,Friday,False
2017-11-04 00:00:00-04:00,80915.0,November,Fall,Saturday,False
2017-11-05 00:00:00-04:00,69862.0,November,Fall,Sunday,False
2017-11-06 00:00:00-05:00,92471.0,November,Fall,Monday,False
2017-11-07 00:00:00-05:00,97798.0,November,Fall,Tuesday,False
2017-11-08 00:00:00-05:00,96920.0,November,Fall,Wednesday,False
2017-11-09 00:00:00-05:00,95156.0,November,Fall,Thursday,False
2017-11-10 00:00:00-05:00,102619.0,November,Fall,Friday,True
2017-11-11 00:00:00-05:00,96433.0,November,Fall,Saturday,True
2017-11-12 00:00:00-05:00,92918.0,November,Fall,Sunday,False
2017-11-13 00:00:00-05:00,101106.0,November,Fall,Monday,False
2017-11-14 00:00:00-05:00,99935.0,November,Fall,Tuesday,False
2017-11-15 00:00:00-05:00,100314.0,November,Fall,Wednesday,False
2017-11-16 00:00:00-05:00,98291.0,November,Fall,Thursday,False
2017-11-17 00:00:00-05:00,97452.0,November,Fall,Friday,False
2017-11-18 00:00:00-05:00,88969.0,November,Fall,Saturday,False
2017-11-19 00:00:00-05:00,94254.0,November,Fall,Sunday,False
2017-11-20 00:00:00-05:00,101262.0,November,Fall,Monday,False
2017-11-21 00:00:00-05:00,99560.0,November,Fall,Tuesday,False
2017-11-22 00:00:00-05:00,98355.0,November,Fall,Wednesday,False
2017-11-23 00:00:00-05:00,89827.0,November,Fall,Thursday,True
2017-11-24 00:00:00-05:00,89781.0,November,Fall,Friday,False
2017-11-25 00:00:00-05:00,83940.0,November,Fall,Saturday,False
2017-11-26 00:00:00-05:00,91846.0,November,Fall,Sunday,False
2017-11-27 00:00:00-05:00,97922.0,November,Fall,Monday,False
2017-11-28 00:00:00-05:00,98642.0,November,Fall,Tuesday,False
2017-11-29 00:00:00-05:00,95393.0,November,Fall,Wednesday,False
2017-11-30 00:00:00-05:00,96779.0,November,Fall,Thursday,False
2017-12-01 00:00:00-05:00,95316.0,December,Winter,Friday,False
2017-12-02 00:00:00-05:00,91178.0,December,Winter,Saturday,False
2017-12-03 00:00:00-05:00,92484.0,December,Winter,Sunday,False
2017-12-04 00:00:00-05:00,101219.0,December,Winter,Monday,False
2017-12-05 00:00:00-05:00,100221.0,December,Winter,Tuesday,False
2017-12-06 00:00:00-05:00,106022.0,December,Winter,Wednesday,False
2017-12-07 00:00:00-05:00,108619.0,December,Winter,Thursday,False
2017-12-08 00:00:00-05:00,109561.0,December,Winter,Friday,False
2017-12-09 00:00:00-05:00,108031.0,December,Winter,Saturday,False
2017-12-10 00:00:00-05:00,106074.0,December,Winter,Sunday,False
2017-12-11 00:00:00-05:00,109062.0,December,Winter,Monday,False
2017-12-12 00:00:00-05:00,115846.0,December,Winter,Tuesday,False
2017-12-13 00:00:00-05:00,119526.0,December,Winter,Wednesday,False
2017-12-14 00:00:00-05:00,115341.0,December,Winter,Thursday,False
2017-12-15 00:00:00-05:00,117193.0,December,Winter,Friday,False
2017-12-16 00:00:00-05:00,103274.0,December,Winter,Saturday,False
2017-12-17 00:00:00-05:00,100364.0,December,Winter,Sunday,False
2017-12-18 00:00:00-05:00,103308.0,December,Winter,Monday,False
2017-12-19 00:00:00-05:00,99910.0,December,Winter,Tuesday,False
2017-12-20 00:00:00-05:00,104999.0,December,Winter,Wednesday,False
2017-12-21 00:00:00-05:00,106093.0,December,Winter,Thursday,False
2017-12-22 00:00:00-05:00,97794.0,December,Winter,Friday,False
2017-12-23 00:00:00-05:00,91699.0,December,Winter,Saturday,False
2017-12-24 00:00:00-05:00,92934.0,December,Winter,Sunday,False
2017-12-25 00:00:00-05:00,100448.0,December,Winter,Monday,True
2017-12-26 00:00:00-05:00,114020.0,December,Winter,Tuesday,False
2017-12-27 00:00:00-05:00,123111.0,December,Winter,Wednesday,False
2017-12-28 00:00:00-05:00,126649.0,December,Winter,Thursday,False
2017-12-29 00:00:00-05:00,119115.0,December,Winter,Friday,False
2017-12-30 00:00:00-05:00,116622.0,December,Winter,Saturday,False
2017-12-31 00:00:00-05:00,124751.0,December,Winter,Sunday,False
2018-01-01 00:00:00-05:00,128457.0,January,Winter,Monday,True
2018-01-02 00:00:00-05:00,134130.0,January,Winter,Tuesday,False
2018-01-03 00:00:00-05:00,136125.0,January,Winter,Wednesday,False
2018-01-04 00:00:00-05:00,135335.0,January,Winter,Thursday,False
2018-01-05 00:00:00-05:00,138465.0,January,Winter,Friday,False
2018-01-06 00:00:00-05:00,133963.0,January,Winter,Saturday,False
2018-01-07 00:00:00-05:00,128398.0,January,Winter,Sunday,False
2018-01-08 00:00:00-05:00,122233.0,January,Winter,Monday,False
2018-01-09 00:00:00-05:00,111894.0,January,Winter,Tuesday,False
2018-01-10 00:00:00-05:00,111505.0,January,Winter,Wednesday,False
2018-01-11 00:00:00-05:00,99467.0,January,Winter,Thursday,False
2018-01-12 00:00:00-05:00,100237.0,January,Winter,Friday,False
2018-01-13 00:00:00-05:00,113349.0,January,Winter,Saturday,False
2018-01-14 00:00:00-05:00,118952.0,January,Winter,Sunday,False
2018-01-15 00:00:00-05:00,124088.0,January,Winter,Monday,True
2018-01-16 00:00:00-05:00,120174.0,January,Winter,Tuesday,False
2018-01-17 00:00:00-05:00,128560.0,January,Winter,Wednesday,False
2018-01-18 00:00:00-05:00,130432.0,January,Winter,Thursday,False
2018-01-19 00:00:00-05:00,120117.0,January,Winter,Friday,False
2018-01-20 00:00:00-05:00,97114.0,January,Winter,Saturday,False
2018-01-21 00:00:00-05:00,92553.0,January,Winter,Sunday,False
2018-01-22 00:00:00-05:00,96561.0,January,Winter,Monday,False
2018-01-23 00:00:00-05:00,100709.0,January,Winter,Tuesday,False
2018-01-24 00:00:00-05:00,109700.0,January,Winter,Wednesday,False
2018-01-25 00:00:00-05:00,111574.0,January,Winter,Thursday,False
2018-01-26 00:00:00-05:00,114318.0,January,Winter,Friday,False
2018-01-27 00:00:00-05:00,92466.0,January,Winter,Saturday,False
2018-01-28 00:00:00-05:00,91865.0,January,Winter,Sunday,False
2018-01-29 00:00:00-05:00,107865.0,January,Winter,Monday,False
2018-01-30 00:00:00-05:00,118916.0,January,Winter,Tuesday,False
2018-01-31 00:00:00-05:00,121003.0,January,Winter,Wednesday,False
2018-02-01 00:00:00-05:00,106157.0,February,Winter,Thursday,False
2018-02-02 00:00:00-05:00,119958.0,February,Winter,Friday,False
2018-02-03 00:00:00-05:00,113355.0,February,Winter,Saturday,False
2018-02-04 00:00:00-05:00,104542.0,February,Winter,Sunday,False
2018-02-05 00:00:00-05:00,116050.0,February,Winter,Monday,False
2018-02-06 00:00:00-05:00,114839.0,February,Winter,Tuesday,False
2018-02-07 00:00:00-05:00,112393.0,February,Winter,Wednesday,False
2018-02-08 00:00:00-05:00,115445.0,February,Winter,Thursday,False
2018-02-09 00:00:00-05:00,116206.0,February,Winter,Friday,False
2018-02-10 00:00:00-05:00,95847.0,February,Winter,Saturday,False
2018-02-11 00:00:00-05:00,93641.0,February,Winter,Sunday,False
2018-02-12 00:00:00-05:00,105893.0,February,Winter,Monday,False
2018-02-13 00:00:00-05:00,110246.0,February,Winter,Tuesday,False
2018-02-14 00:00:00-05:00,102842.0,February,Winter,Wednesday,False
2018-02-15 00:00:00-05:00,92470.0,February,Winter,Thursday,False
2018-02-16 00:00:00-05:00,95297.0,February,Winter,Friday,False
2018-02-17 00:00:00-05:00,100059.0,February,Winter,Saturday,False
2018-02-18 00:00:00-05:00,92870.0,February,Winter,Sunday,False
2018-02-19 00:00:00-05:00,96816.0,February,Winter,Monday,True
2018-02-20 00:00:00-05:00,90947.0,February,Winter,Tuesday,False
2018-02-21 00:00:00-05:00,94343.0,February,Winter,Wednesday,False
2018-02-22 00:00:00-05:00,96969.0,February,Winter,Thursday,False
2018-02-23 00:00:00-05:00,94763.0,February,Winter,Friday,False
2018-02-24 00:00:00-05:00,86707.0,February,Winter,Saturday,False
2018-02-25 00:00:00-05:00,88191.0,February,Winter,Sunday,False
2018-02-26 00:00:00-05:00,95685.0,February,Winter,Monday,False
2018-02-27 00:00:00-05:00,100412.0,February,Winter,Tuesday,False
2018-02-28 00:00:00-05:00,93544.0,February,Winter,Wednesday,False
2018-03-01 00:00:00-05:00,95582.0,March,Spring,Thursday,False
2018-03-02 00:00:00-05:00,98088.0,March,Spring,Friday,False
2018-03-03 00:00:00-05:00,90904.0,March,Spring,Saturday,False
2018-03-04 00:00:00-05:00,93028.0,March,Spring,Sunday,False
2018-03-05 00:00:00-05:00,103374.0,March,Spring,Monday,False
2018-03-06 00:00:00-05:00,102260.0,March,Spring,Tuesday,False
2018-03-07 00:00:00-05:00,103085.0,March,Spring,Wednesday,False
2018-03-08 00:00:00-05:00,107271.0,March,Spring,Thursday,False
2018-03-09 00:00:00-05:00,106505.0,March,Spring,Friday,False
2018-03-10 00:00:00-05:00,93893.0,March,Spring,Saturday,False
2018-03-11 00:00:00-05:00,93401.0,March,Spring,Sunday,False
2018-03-12 00:00:00-04:00,105161.0,March,Spring,Monday,False
2018-03-13 00:00:00-04:00,108035.0,March,Spring,Tuesday,False
2018-03-14 00:00:00-04:00,110124.0,March,Spring,Wednesday,False
2018-03-15 00:00:00-04:00,108053.0,March,Spring,Thursday,False
2018-03-16 00:00:00-04:00,105747.0,March,Spring,Friday,False
2018-03-17 00:00:00-04:00,95550.0,March,Spring,Saturday,False
2018-03-18 00:00:00-04:00,86908.0,March,Spring,Sunday,False
2018-03-19 00:00:00-04:00,100533.0,March,Spring,Monday,False
2018-03-20 00:00:00-04:00,105490.0,March,Spring,Tuesday,False
2018-03-21 00:00:00-04:00,107284.0,March,Spring,Wednesday,False
2018-03-22 00:00:00-04:00,106348.0,March,Spring,Thursday,False
2018-03-23 00:00:00-04:00,105332.0,March,Spring,Friday,False
2018-03-24 00:00:00-04:00,93754.0,March,Spring,Saturday,False
2018-03-25 00:00:00-04:00,91771.0,March,Spring,Sunday,False
2018-03-26 00:00:00-04:00,103995.0,March,Spring,Monday,False
2018-03-27 00:00:00-04:00,100063.0,March,Spring,Tuesday,False
2018-03-28 00:00:00-04:00,93948.0,March,Spring,Wednesday,False
2018-03-29 00:00:00-04:00,88163.0,March,Spring,Thursday,False
2018-03-30 00:00:00-04:00,85177.0,March,Spring,Friday,False
2018-03-31 00:00:00-04:00,82869.0,March,Spring,Saturday,False
2018-04-01 00:00:00-04:00,79133.0,April,Spring,Sunday,False
2018-04-02 00:00:00-04:00,93802.0,April,Spring,Monday,False
2018-04-03 00:00:00-04:00,94749.0,April,Spring,Tuesday,False
2018-04-04 00:00:00-04:00,96162.0,April,Spring,Wednesday,False
2018-04-05 00:00:00-04:00,100673.0,April,Spring,Thursday,False
2018-04-06 00:00:00-04:00,95908.0,April,Spring,Friday,False
2018-04-07 00:00:00-04:00,90275.0,April,Spring,Saturday,False
2018-04-08 00:00:00-04:00,90521.0,April,Spring,Sunday,False
2018-04-09 00:00:00-04:00,101041.0,April,Spring,Monday,False
2018-04-10 00:00:00-04:00,99795.0,April,Spring,Tuesday,False
2018-04-11 00:00:00-04:00,97587.0,April,Spring,Wednesday,False
2018-04-12 00:00:00-04:00,90167.0,April,Spring,Thursday,False
2018-04-13 00:00:00-04:00,85999.0,April,Spring,Friday,False
2018-04-14 00:00:00-04:00,84009.0,April,Spring,Saturday,False
2018-04-15 00:00:00-04:00,86094.0,April,Spring,Sunday,False
2018-04-16 00:00:00-04:00,96520.0,April,Spring,Monday,False
2018-04-17 00:00:00-04:00,97656.0,April,Spring,Tuesday,False
2018-04-18 00:00:00-04:00,97002.0,April,Spring,Wednesday,False
2018-04-19 00:00:00-04:00,92689.0,April,Spring,Thursday,False
2018-04-20 00:00:00-04:00,96265.0,April,Spring,Friday,False
2018-04-21 00:00:00-04:00,82339.0,April,Spring,Saturday,False
2018-04-22 00:00:00-04:00,78509.0,April,Spring,Sunday,False
2018-04-23 00:00:00-04:00,85583.0,April,Spring,Monday,False
2018-04-24 00:00:00-04:00,86422.0,April,Spring,Tuesday,False
2018-04-25 00:00:00-04:00,86167.0,April,Spring,Wednesday,False
2018-04-26 00:00:00-04:00,83696.0,April,Spring,Thursday,False
2018-04-27 00:00:00-04:00,84379.0,April,Spring,Friday,False
2018-04-28 00:00:00-04:00,77978.0,April,Spring,Saturday,False
2018-04-29 00:00:00-04:00,79982.0,April,Spring,Sunday,False
2018-04-30 00:00:00-04:00,88722.0,April,Spring,Monday,False
2018-05-01 00:00:00-04:00,88671.0,May,Spring,Tuesday,False
2018-05-02 00:00:00-04:00,99460.0,May,Spring,Wednesday,False
2018-05-03 00:00:00-04:00,107240.0,May,Spring,Thursday,False
2018-05-04 00:00:00-04:00,104435.0,May,Spring,Friday,False
2018-05-05 00:00:00-04:00,82636.0,May,Spring,Saturday,False
2018-05-06 00:00:00-04:00,80121.0,May,Spring,Sunday,False
2018-05-07 00:00:00-04:00,88964.0,May,Spring,Monday,False
2018-05-08 00:00:00-04:00,92833.0,May,Spring,Tuesday,False
2018-05-09 00:00:00-04:00,96511.0,May,Spring,Wednesday,False
2018-05-10 00:00:00-04:00,96115.0,May,Spring,Thursday,False
2018-05-11 00:00:00-04:00,94530.0,May,Spring,Friday,False
2018-05-12 00:00:00-04:00,91175.0,May,Spring,Saturday,False
2018-05-13 00:00:00-04:00,84847.0,May,Spring,Sunday,False
2018-05-14 00:00:00-04:00,102310.0,May,Spring,Monday,False
2018-05-15 00:00:00-04:00,113155.0,May,Spring,Tuesday,False
2018-05-16 00:00:00-04:00,96045.0,May,Spring,Wednesday,False
2018-05-17 00:00:00-04:00,96803.0,May,Spring,Thursday,False
2018-05-18 00:00:00-04:00,91228.0,May,Spring,Friday,False
2018-05-19 00:00:00-04:00,84280.0,May,Spring,Saturday,False
2018-05-20 00:00:00-04:00,96107.0,May,Spring,Sunday,False
2018-05-21 00:00:00-04:00,104442.0,May,Spring,Monday,False
2018-05-22 00:00:00-04:00,100144.0,May,Spring,Tuesday,False
2018-05-23 00:00:00-04:00,106144.0,May,Spring,Wednesday,False
2018-05-24 00:00:00-04:00,111524.0,May,Spring,Thursday,False
2018-05-25 00:00:00-04:00,118789.0,May,Spring,Friday,False
2018-05-26 00:00:00-04:00,113292.0,May,Spring,Saturday,False
2018-05-27 00:00:00-04:00,106350.0,May,Spring,Sunday,False
2018-05-28 00:00:00-04:00,105590.0,May,Spring,Monday,True
2018-05-29 00:00:00-04:00,126791.0,May,Spring,Tuesday,False
2018-05-30 00:00:00-04:00,118855.0,May,Spring,Wednesday,False
2018-05-31 00:00:00-04:00,120709.0,May,Spring,Thursday,False
2018-06-01 00:00:00-04:00,120333.0,June,Summer,Friday,False
2018-06-02 00:00:00-04:00,105579.0,June,Summer,Saturday,False
2018-06-03 00:00:00-04:00,89933.0,June,Summer,Sunday,False
2018-06-04 00:00:00-04:00,99179.0,June,Summer,Monday,False
2018-06-05 00:00:00-04:00,96960.0,June,Summer,Tuesday,False
2018-06-06 00:00:00-04:00,93950.0,June,Summer,Wednesday,False
2018-06-07 00:00:00-04:00,106127.0,June,Summer,Thursday,False
2018-06-08 00:00:00-04:00,111509.0,June,Summer,Friday,False
2018-06-09 00:00:00-04:00,106321.0,June,Summer,Saturday,False
2018-06-10 00:00:00-04:00,93129.0,June,Summer,Sunday,False
2018-06-11 00:00:00-04:00,93243.0,June,Summer,Monday,False
2018-06-12 00:00:00-04:00,102140.0,June,Summer,Tuesday,False
2018-06-13 00:00:00-04:00,116340.0,June,Summer,Wednesday,False
2018-06-14 00:00:00-04:00,117372.0,June,Summer,Thursday,False
2018-06-15 00:00:00-04:00,115725.0,June,Summer,Friday,False
2018-06-16 00:00:00-04:00,116806.0,June,Summer,Saturday,False
2018-06-17 00:00:00-04:00,128680.0,June,Summer,Sunday,False
2018-06-18 00:00:00-04:00,149170.0,June,Summer,Monday,False
2018-06-19 00:00:00-04:00,133125.0,June,Summer,Tuesday,False
2018-06-20 00:00:00-04:00,123399.0,June,Summer,Wednesday,False
2018-06-21 00:00:00-04:00,115010.0,June,Summer,Thursday,False
2018-06-22 00:00:00-04:00,102399.0,June,Summer,Friday,False
2018-06-23 00:00:00-04:00,98372.0,June,Summer,Saturday,False
2018-06-24 00:00:00-04:00,113517.0,June,Summer,Sunday,False
2018-06-25 00:00:00-04:00,114532.0,June,Summer,Monday,False
2018-06-26 00:00:00-04:00,111305.0,June,Summer,Tuesday,False
2018-06-27 00:00:00-04:00,110364.0,June,Summer,Wednesday,False
2018-06-28 00:00:00-04:00,131847.0,June,Summer,Thursday,False
2018-06-29 00:00:00-04:00,140815.0,June,Summer,Friday,False
2018-06-30 00:00:00-04:00,139912.0,June,Summer,Saturday,False
2018-07-01 00:00:00-04:00,141207.0,July,Summer,Sunday,False
2018-07-02 00:00:00-04:00,145942.0,July,Summer,Monday,False
2018-07-03 00:00:00-04:00,146401.0,July,Summer,Tuesday,False
2018-07-04 00:00:00-04:00,136006.0,July,Summer,Wednesday,True
2018-07-05 00:00:00-04:00,142242.0,July,Summer,Thursday,False
2018-07-06 00:00:00-04:00,120556.0,July,Summer,Friday,False
2018-07-07 00:00:00-04:00,101436.0,July,Summer,Saturday,False
2018-07-08 00:00:00-04:00,111170.0,July,Summer,Sunday,False
2018-07-09 00:00:00-04:00,134249.0,July,Summer,Monday,False
2018-07-10 00:00:00-04:00,141121.0,July,Summer,Tuesday,False
2018-07-11 00:00:00-04:00,135043.0,July,Summer,Wednesday,False
2018-07-12 00:00:00-04:00,129460.0,July,Summer,Thursday,False
2018-07-13 00:00:00-04:00,134328.0,July,Summer,Friday,False
2018-07-14 00:00:00-04:00,127069.0,July,Summer,Saturday,False
2018-07-15 00:00:00-04:00,125519.0,July,Summer,Sunday,False
2018-07-16 00:00:00-04:00,144528.0,July,Summer,Monday,False
2018-07-17 00:00:00-04:00,135322.0,July,Summer,Tuesday,False
2018-07-18 00:00:00-04:00,124495.0,July,Summer,Wednesday,False
2018-07-19 00:00:00-04:00,126655.0,July,Summer,Thursday,False
2018-07-20 00:00:00-04:00,117714.0,July,Summer,Friday,False
2018-07-21 00:00:00-04:00,95129.0,July,Summer,Saturday,False
2018-07-22 00:00:00-04:00,104241.0,July,Summer,Sunday,False
2018-07-23 00:00:00-04:00,122189.0,July,Summer,Monday,False
2018-07-24 00:00:00-04:00,124336.0,July,Summer,Tuesday,False
2018-07-25 00:00:00-04:00,126398.0,July,Summer,Wednesday,False
2018-07-26 00:00:00-04:00,133094.0,July,Summer,Thursday,False
2018-07-27 00:00:00-04:00,124472.0,July,Summer,Friday,False
2018-07-28 00:00:00-04:00,112539.0,July,Summer,Saturday,False
2018-07-29 00:00:00-04:00,110036.0,July,Summer,Sunday,False
2018-07-30 00:00:00-04:00,110500.0,July,Summer,Monday,False
2018-07-31 00:00:00-04:00,114966.0,July,Summer,Tuesday,False
2018-08-01 00:00:00-04:00,126251.0,August,Summer,Wednesday,False
2018-08-02 00:00:00-04:00,126207.0,August,Summer,Thursday,False
2018-08-03 00:00:00-04:00,125403.0,August,Summer,Friday,False
2018-08-04 00:00:00-04:00,130415.0,August,Summer,Saturday,False
2018-08-05 00:00:00-04:00,134585.0,August,Summer,Sunday,False
2018-08-06 00:00:00-04:00,140499.0,August,Summer,Monday,False
2018-08-07 00:00:00-04:00,138749.0,August,Summer,Tuesday,False
2018-08-08 00:00:00-04:00,138112.0,August,Summer,Wednesday,False
2018-08-09 00:00:00-04:00,140204.0,August,Summer,Thursday,False
2018-08-10 00:00:00-04:00,133335.0,August,Summer,Friday,False
2018-08-11 00:00:00-04:00,117397.0,August,Summer,Saturday,False
2018-08-12 00:00:00-04:00,116912.0,August,Summer,Sunday,False
2018-08-13 00:00:00-04:00,125232.0,August,Summer,Monday,False
2018-08-14 00:00:00-04:00,126887.0,August,Summer,Tuesday,False
2018-08-15 00:00:00-04:00,134071.0,August,Summer,Wednesday,False
2018-08-16 00:00:00-04:00,133170.0,August,Summer,Thursday,False
2018-08-17 00:00:00-04:00,134353.0,August,Summer,Friday,False
2018-08-18 00:00:00-04:00,120441.0,August,Summer,Saturday,False
2018-08-19 00:00:00-04:00,109092.0,August,Summer,Sunday,False
2018-08-20 00:00:00-04:00,117192.0,August,Summer,Monday,False
2018-08-21 00:00:00-04:00,117220.0,August,Summer,Tuesday,False
2018-08-22 00:00:00-04:00,115586.0,August,Summer,Wednesday,False
2018-08-23 00:00:00-04:00,110089.0,August,Summer,Thursday,False
2018-08-24 00:00:00-04:00,109985.0,August,Summer,Friday,False
2018-08-25 00:00:00-04:00,105272.0,August,Summer,Saturday,False
2018-08-26 00:00:00-04:00,125818.0,August,Summer,Sunday,False
2018-08-27 00:00:00-04:00,146547.0,August,Summer,Monday,False
2018-08-28 00:00:00-04:00,151479.0,August,Summer,Tuesday,False
2018-08-29 00:00:00-04:00,144094.0,August,Summer,Wednesday,False
2018-08-30 00:00:00-04:00,133811.0,August,Summer,Thursday,False
2018-08-31 00:00:00-04:00,124153.0,August,Summer,Friday,False
2018-09-01 00:00:00-04:00,112126.0,September,Fall,Saturday,False
2018-09-02 00:00:00-04:00,125689.0,September,Fall,Sunday,False
2018-09-03 00:00:00-04:00,136016.0,September,Fall,Monday,True
2018-09-04 00:00:00-04:00,149356.0,September,Fall,Tuesday,False
2018-09-05 00:00:00-04:00,148607.0,September,Fall,Wednesday,False
2018-09-06 00:00:00-04:00,138375.0,September,Fall,Thursday,False
2018-09-07 00:00:00-04:00,122597.0,September,Fall,Friday,False
2018-09-08 00:00:00-04:00,92568.0,September,Fall,Saturday,False
2018-09-09 00:00:00-04:00,83969.0,September,Fall,Sunday,False
2018-09-10 00:00:00-04:00,94833.0,September,Fall,Monday,False
2018-09-11 00:00:00-04:00,100480.0,September,Fall,Tuesday,False
2018-09-12 00:00:00-04:00,112086.0,September,Fall,Wednesday,False
2018-09-13 00:00:00-04:00,115818.0,September,Fall,Thursday,False
2018-09-14 00:00:00-04:00,116059.0,September,Fall,Friday,False
2018-09-15 00:00:00-04:00,111123.0,September,Fall,Saturday,False
2018-09-16 00:00:00-04:00,114180.0,September,Fall,Sunday,False
2018-09-17 00:00:00-04:00,116314.0,September,Fall,Monday,False
2018-09-18 00:00:00-04:00,120868.0,September,Fall,Tuesday,False
2018-09-19 00:00:00-04:00,123766.0,September,Fall,Wednesday,False
2018-09-20 00:00:00-04:00,123164.0,September,Fall,Thursday,False
2018-09-21 00:00:00-04:00,114205.0,September,Fall,Friday,False
2018-09-22 00:00:00-04:00,87959.0,September,Fall,Saturday,False
2018-09-23 00:00:00-04:00,84171.0,September,Fall,Sunday,False
2018-09-24 00:00:00-04:00,92815.0,September,Fall,Monday,False
2018-09-25 00:00:00-04:00,102637.0,September,Fall,Tuesday,False
2018-09-26 00:00:00-04:00,108704.0,September,Fall,Wednesday,False
2018-09-27 00:00:00-04:00,90282.0,September,Fall,Thursday,False
2018-09-28 00:00:00-04:00,89153.0,September,Fall,Friday,False
2018-09-29 00:00:00-04:00,82814.0,September,Fall,Saturday,False
2018-09-30 00:00:00-04:00,87751.0,September,Fall,Sunday,False
2018-10-01 00:00:00-04:00,104733.0,October,Fall,Monday,False
2018-10-02 00:00:00-04:00,105523.0,October,Fall,Tuesday,False
2018-10-03 00:00:00-04:00,112373.0,October,Fall,Wednesday,False
2018-10-04 00:00:00-04:00,109029.0,October,Fall,Thursday,False
2018-10-05 00:00:00-04:00,93561.0,October,Fall,Friday,False
2018-10-06 00:00:00-04:00,92969.0,October,Fall,Saturday,False
2018-10-07 00:00:00-04:00,104366.0,October,Fall,Sunday,False
2018-10-08 00:00:00-04:00,115714.0,October,Fall,Monday,True
2018-10-09 00:00:00-04:00,116913.0,October,Fall,Tuesday,False
2018-10-10 00:00:00-04:00,111109.0,October,Fall,Wednesday,False
2018-10-11 00:00:00-04:00,100275.0,October,Fall,Thursday,False
2018-10-12 00:00:00-04:00,83579.0,October,Fall,Friday,False
2018-10-13 00:00:00-04:00,78462.0,October,Fall,Saturday,False
2018-10-14 00:00:00-04:00,81183.0,October,Fall,Sunday,False
2018-10-15 00:00:00-04:00,90925.0,October,Fall,Monday,False
2018-10-16 00:00:00-04:00,89182.0,October,Fall,Tuesday,False
2018-10-17 00:00:00-04:00,88963.0,October,Fall,Wednesday,False
2018-10-18 00:00:00-04:00,89350.0,October,Fall,Thursday,False
2018-10-19 00:00:00-04:00,91145.0,October,Fall,Friday,False
2018-10-20 00:00:00-04:00,79620.0,October,Fall,Saturday,False
2018-10-21 00:00:00-04:00,85590.0,October,Fall,Sunday,False
2018-10-22 00:00:00-04:00,94793.0,October,Fall,Monday,False
2018-10-23 00:00:00-04:00,89716.0,October,Fall,Tuesday,False
2018-10-24 00:00:00-04:00,91093.0,October,Fall,Wednesday,False
2018-10-25 00:00:00-04:00,94879.0,October,Fall,Thursday,False
2018-10-26 00:00:00-04:00,92103.0,October,Fall,Friday,False
2018-10-27 00:00:00-04:00,83938.0,October,Fall,Saturday,False
2018-10-28 00:00:00-04:00,84537.0,October,Fall,Sunday,False
2018-10-29 00:00:00-04:00,91449.0,October,Fall,Monday,False
2018-10-30 00:00:00-04:00,93797.0,October,Fall,Tuesday,False
2018-10-31 00:00:00-04:00,89621.0,October,Fall,Wednesday,False
2018-11-01 00:00:00-04:00,89814.0,November,Fall,Thursday,False
2018-11-02 00:00:00-04:00,88347.0,November,Fall,Friday,False
2018-11-03 00:00:00-04:00,81863.0,November,Fall,Saturday,False
2018-11-04 00:00:00-04:00,84471.0,November,Fall,Sunday,False
2018-11-05 00:00:00-05:00,92331.0,November,Fall,Monday,False
2018-11-06 00:00:00-05:00,92195.0,November,Fall,Tuesday,False
2018-11-07 00:00:00-05:00,92622.0,November,Fall,Wednesday,False
2018-11-08 00:00:00-05:00,94279.0,November,Fall,Thursday,False
2018-11-09 00:00:00-05:00,96423.0,November,Fall,Friday,False
2018-11-10 00:00:00-05:00,95008.0,November,Fall,Saturday,False
2018-11-11 00:00:00-05:00,92941.0,November,Fall,Sunday,True
2018-11-12 00:00:00-05:00,101759.0,November,Fall,Monday,True
2018-11-13 00:00:00-05:00,102491.0,November,Fall,Tuesday,False
2018-11-14 00:00:00-05:00,105906.0,November,Fall,Wednesday,False
2018-11-15 00:00:00-05:00,109665.0,November,Fall,Thursday,False
2018-11-16 00:00:00-05:00,101303.0,November,Fall,Friday,False
2018-11-17 00:00:00-05:00,92332.0,November,Fall,Saturday,False
2018-11-18 00:00:00-05:00,92753.0,November,Fall,Sunday,False
2018-11-19 00:00:00-05:00,98525.0,November,Fall,Monday,False
2018-11-20 00:00:00-05:00,101553.0,November,Fall,Tuesday,False
2018-11-21 00:00:00-05:00,101101.0,November,Fall,Wednesday,False
2018-11-22 00:00:00-05:00,93877.0,November,Fall,Thursday,True
2018-11-23 00:00:00-05:00,97031.0,November,Fall,Friday,False
2018-11-24 00:00:00-05:00,91395.0,November,Fall,Saturday,False
2018-11-25 00:00:00-05:00,89506.0,November,Fall,Sunday,False
2018-11-26 00:00:00-05:00,103646.0,November,Fall,Monday,False
2018-11-27 00:00:00-05:00,112495.0,November,Fall,Tuesday,False
2018-11-28 00:00:00-05:00,114249.0,November,Fall,Wednesday,False
2018-11-29 00:00:00-05:00,109663.0,November,Fall,Thursday,False
2018-11-30 00:00:00-05:00,100406.0,November,Fall,Friday,False
2018-12-01 00:00:00-05:00,95380.0,December,Winter,Saturday,False
2018-12-02 00:00:00-05:00,90474.0,December,Winter,Sunday,False
2018-12-03 00:00:00-05:00,101815.0,December,Winter,Monday,False
2018-12-04 00:00:00-05:00,109208.0,December,Winter,Tuesday,False
2018-12-05 00:00:00-05:00,113645.0,December,Winter,Wednesday,False
2018-12-06 00:00:00-05:00,110748.0,December,Winter,Thursday,False
2018-12-07 00:00:00-05:00,108796.0,December,Winter,Friday,False
2018-12-08 00:00:00-05:00,105930.0,December,Winter,Saturday,False
2018-12-09 00:00:00-05:00,108955.0,December,Winter,Sunday,False
2018-12-10 00:00:00-05:00,115778.0,December,Winter,Monday,False
2018-12-11 00:00:00-05:00,117327.0,December,Winter,Tuesday,False
2018-12-12 00:00:00-05:00,110256.0,December,Winter,Wednesday,False
2018-12-13 00:00:00-05:00,105402.0,December,Winter,Thursday,False
2018-12-14 00:00:00-05:00,101772.0,December,Winter,Friday,False
2018-12-15 00:00:00-05:00,92628.0,December,Winter,Saturday,False
2018-12-16 00:00:00-05:00,97607.0,December,Winter,Sunday,False
2018-12-17 00:00:00-05:00,104966.0,December,Winter,Monday,False
2018-12-18 00:00:00-05:00,108528.0,December,Winter,Tuesday,False
2018-12-19 00:00:00-05:00,111825.0,December,Winter,Wednesday,False
2018-12-20 00:00:00-05:00,105138.0,December,Winter,Thursday,False
2018-12-21 00:00:00-05:00,97299.0,December,Winter,Friday,False
2018-12-22 00:00:00-05:00,96098.0,December,Winter,Saturday,False
2018-12-23 00:00:00-05:00,94322.0,December,Winter,Sunday,False
2018-12-24 00:00:00-05:00,92928.0,December,Winter,Monday,False
2018-12-25 00:00:00-05:00,90081.0,December,Winter,Tuesday,True
2018-12-26 00:00:00-05:00,101721.0,December,Winter,Wednesday,False
2018-12-27 00:00:00-05:00,101336.0,December,Winter,Thursday,False
2018-12-28 00:00:00-05:00,93514.0,December,Winter,Friday,False
2018-12-29 00:00:00-05:00,93029.0,December,Winter,Saturday,False
2018-12-30 00:00:00-05:00,93704.0,December,Winter,Sunday,False
2018-12-31 00:00:00-05:00,95603.0,December,Winter,Monday,False
2019-01-01 00:00:00-05:00,89834.0,January,Winter,Tuesday,True
2019-01-02 00:00:00-05:00,103563.0,January,Winter,Wednesday,False
2019-01-03 00:00:00-05:00,103784.0,January,Winter,Thursday,False
2019-01-04 00:00:00-05:00,102386.0,January,Winter,Friday,False
2019-01-05 00:00:00-05:00,91023.0,January,Winter,Saturday,False
2019-01-06 00:00:00-05:00,93513.0,January,Winter,Sunday,False
2019-01-07 00:00:00-05:00,105266.0,January,Winter,Monday,False
2019-01-08 00:00:00-05:00,98105.0,January,Winter,Tuesday,False
2019-01-09 00:00:00-05:00,111221.0,January,Winter,Wednesday,False
2019-01-10 00:00:00-05:00,116114.0,January,Winter,Thursday,False
2019-01-11 00:00:00-05:00,115478.0,January,Winter,Friday,False
2019-01-12 00:00:00-05:00,106614.0,January,Winter,Saturday,False
2019-01-13 00:00:00-05:00,107643.0,January,Winter,Sunday,False
2019-01-14 00:00:00-05:00,114533.0,January,Winter,Monday,False
2019-01-15 00:00:00-05:00,115659.0,January,Winter,Tuesday,False
2019-01-16 00:00:00-05:00,113284.0,January,Winter,Wednesday,False
2019-01-17 00:00:00-05:00,111087.0,January,Winter,Thursday,False
2019-01-18 00:00:00-05:00,106308.0,January,Winter,Friday,False
2019-01-19 00:00:00-05:00,102809.0,January,Winter,Saturday,False
2019-01-20 00:00:00-05:00,116620.0,January,Winter,Sunday,False
2019-01-21 00:00:00-05:00,132175.0,January,Winter,Monday,True
2019-01-22 00:00:00-05:00,130626.0,January,Winter,Tuesday,False
2019-01-23 00:00:00-05:00,109820.0,January,Winter,Wednesday,False
2019-01-24 00:00:00-05:00,109320.0,January,Winter,Thursday,False
2019-01-25 00:00:00-05:00,114290.0,January,Winter,Friday,False
2019-01-26 00:00:00-05:00,109000.0,January,Winter,Saturday,False
2019-01-27 00:00:00-05:00,104129.0,January,Winter,Sunday,False
2019-01-28 00:00:00-05:00,113938.0,January,Winter,Monday,False
2019-01-29 00:00:00-05:00,119897.0,January,Winter,Tuesday,False
2019-01-30 00:00:00-05:00,136643.0,January,Winter,Wednesday,False
2019-01-31 00:00:00-05:00,138963.0,January,Winter,Thursday,False
2019-02-01 00:00:00-05:00,127617.0,February,Winter,Friday,False
2019-02-02 00:00:00-05:00,115778.0,February,Winter,Saturday,False
2019-02-03 00:00:00-05:00,95516.0,February,Winter,Sunday,False
2019-02-04 00:00:00-05:00,103510.0,February,Winter,Monday,False
2019-02-05 00:00:00-05:00,96757.0,February,Winter,Tuesday,False
2019-02-06 00:00:00-05:00,97421.0,February,Winter,Wednesday,False
2019-02-07 00:00:00-05:00,96839.0,February,Winter,Thursday,False
2019-02-08 00:00:00-05:00,104829.0,February,Winter,Friday,False
2019-02-09 00:00:00-05:00,105455.0,February,Winter,Saturday,False
2019-02-10 00:00:00-05:00,104726.0,February,Winter,Sunday,False
2019-02-11 00:00:00-05:00,109807.0,February,Winter,Monday,False
2019-02-12 00:00:00-05:00,108960.0,February,Winter,Tuesday,False
2019-02-13 00:00:00-05:00,108200.0,February,Winter,Wednesday,False
2019-02-14 00:00:00-05:00,108376.0,February,Winter,Thursday,False
2019-02-15 00:00:00-05:00,96905.0,February,Winter,Friday,False
2019-02-16 00:00:00-05:00,97774.0,February,Winter,Saturday,False
2019-02-17 00:00:00-05:00,100077.0,February,Winter,Sunday,False
2019-02-18 00:00:00-05:00,108123.0,February,Winter,Monday,True
2019-02-19 00:00:00-05:00,112371.0,February,Winter,Tuesday,False
2019-02-20 00:00:00-05:00,110781.0,February,Winter,Wednesday,False
2019-02-21 00:00:00-05:00,103285.0,February,Winter,Thursday,False
2019-02-22 00:00:00-05:00,99336.0,February,Winter,Friday,False
2019-02-23 00:00:00-05:00,94973.0,February,Winter,Saturday,False
2019-02-24 00:00:00-05:00,95785.0,February,Winter,Sunday,False
2019-02-25 00:00:00-05:00,106755.0,February,Winter,Monday,False
2019-02-26 00:00:00-05:00,109278.0,February,Winter,Tuesday,False
2019-02-27 00:00:00-05:00,108181.0,February,Winter,Wednesday,False
2019-02-28 00:00:00-05:00,104158.0,February,Winter,Thursday,False
2019-03-01 00:00:00-05:00,105785.0,March,Spring,Friday,False
2019-03-02 00:00:00-05:00,96271.0,March,Spring,Saturday,False
2019-03-03 00:00:00-05:00,103283.0,March,Spring,Sunday,False
2019-03-04 00:00:00-05:00,114184.0,March,Spring,Monday,False
2019-03-05 00:00:00-05:00,118597.0,March,Spring,Tuesday,False
2019-03-06 00:00:00-05:00,120826.0,March,Spring,Wednesday,False
2019-03-07 00:00:00-05:00,117650.0,March,Spring,Thursday,False
2019-03-08 00:00:00-05:00,109514.0,March,Spring,Friday,False
2019-03-09 00:00:00-05:00,94686.0,March,Spring,Saturday,False
2019-03-10 00:00:00-05:00,90136.0,March,Spring,Sunday,False
2019-03-11 00:00:00-04:00,97258.0,March,Spring,Monday,False
2019-03-12 00:00:00-04:00,103332.0,March,Spring,Tuesday,False
2019-03-13 00:00:00-04:00,105056.0,March,Spring,Wednesday,False
2019-03-14 00:00:00-04:00,93057.0,March,Spring,Thursday,False
2019-03-15 00:00:00-04:00,87887.0,March,Spring,Friday,False
2019-03-16 00:00:00-04:00,86267.0,March,Spring,Saturday,False
2019-03-17 00:00:00-04:00,89693.0,March,Spring,Sunday,False
2019-03-18 00:00:00-04:00,101654.0,March,Spring,Monday,False
2019-03-19 00:00:00-04:00,107037.0,March,Spring,Tuesday,False
2019-03-20 00:00:00-04:00,103746.0,March,Spring,Wednesday,False
2019-03-21 00:00:00-04:00,95960.0,March,Spring,Thursday,False
2019-03-22 00:00:00-04:00,97377.0,March,Spring,Friday,False
2019-03-23 00:00:00-04:00,91788.0,March,Spring,Saturday,False
2019-03-24 00:00:00-04:00,84266.0,March,Spring,Sunday,False
2019-03-25 00:00:00-04:00,92901.0,March,Spring,Monday,False
2019-03-26 00:00:00-04:00,99738.0,March,Spring,Tuesday,False
2019-03-27 00:00:00-04:00,104412.0,March,Spring,Wednesday,False
2019-03-28 00:00:00-04:00,99018.0,March,Spring,Thursday,False
2019-03-29 00:00:00-04:00,87147.0,March,Spring,Friday,False
2019-03-30 00:00:00-04:00,79272.0,March,Spring,Saturday,False
2019-03-31 00:00:00-04:00,89054.0,March,Spring,Sunday,False
2019-04-01 00:00:00-04:00,102538.0,April,Spring,Monday,False
2019-04-02 00:00:00-04:00,100454.0,April,Spring,Tuesday,False
2019-04-03 00:00:00-04:00,97515.0,April,Spring,Wednesday,False
2019-04-04 00:00:00-04:00,90360.0,April,Spring,Thursday,False
2019-04-05 00:00:00-04:00,90539.0,April,Spring,Friday,False
2019-04-06 00:00:00-04:00,78661.0,April,Spring,Saturday,False
2019-04-07 00:00:00-04:00,79094.0,April,Spring,Sunday,False
2019-04-08 00:00:00-04:00,87178.0,April,Spring,Monday,False
2019-04-09 00:00:00-04:00,86134.0,April,Spring,Tuesday,False
2019-04-10 00:00:00-04:00,86603.0,April,Spring,Wednesday,False
2019-04-11 00:00:00-04:00,87002.0,April,Spring,Thursday,False
2019-04-12 00:00:00-04:00,83496.0,April,Spring,Friday,False
2019-04-13 00:00:00-04:00,76875.0,April,Spring,Saturday,False
2019-04-14 00:00:00-04:00,82666.0,April,Spring,Sunday,False
2019-04-15 00:00:00-04:00,87498.0,April,Spring,Monday,False
2019-04-16 00:00:00-04:00,88262.0,April,Spring,Tuesday,False
2019-04-17 00:00:00-04:00,85247.0,April,Spring,Wednesday,False
2019-04-18 00:00:00-04:00,86440.0,April,Spring,Thursday,False
2019-04-19 00:00:00-04:00,81970.0,April,Spring,Friday,False
2019-04-20 00:00:00-04:00,77007.0,April,Spring,Saturday,False
2019-04-21 00:00:00-04:00,73806.0,April,Spring,Sunday,False
2019-04-22 00:00:00-04:00,85052.0,April,Spring,Monday,False
2019-04-23 00:00:00-04:00,87672.0,April,Spring,Tuesday,False
2019-04-24 00:00:00-04:00,85899.0,April,Spring,Wednesday,False
2019-04-25 00:00:00-04:00,85895.0,April,Spring,Thursday,False
2019-04-26 00:00:00-04:00,84627.0,April,Spring,Friday,False
2019-04-27 00:00:00-04:00,77244.0,April,Spring,Saturday,False
2019-04-28 00:00:00-04:00,79073.0,April,Spring,Sunday,False
2019-04-29 00:00:00-04:00,85017.0,April,Spring,Monday,False
2019-04-30 00:00:00-04:00,89069.0,April,Spring,Tuesday,False
2019-05-01 00:00:00-04:00,88648.0,May,Spring,Wednesday,False
2019-05-02 00:00:00-04:00,93924.0,May,Spring,Thursday,False
2019-05-03 00:00:00-04:00,88155.0,May,Spring,Friday,False
2019-05-04 00:00:00-04:00,80018.0,May,Spring,Saturday,False
2019-05-05 00:00:00-04:00,78514.0,May,Spring,Sunday,False
2019-05-06 00:00:00-04:00,86782.0,May,Spring,Monday,False
2019-05-07 00:00:00-04:00,90468.0,May,Spring,Tuesday,False
2019-05-08 00:00:00-04:00,89971.0,May,Spring,Wednesday,False
2019-05-09 00:00:00-04:00,89917.0,May,Spring,Thursday,False
2019-05-10 00:00:00-04:00,88761.0,May,Spring,Friday,False
2019-05-11 00:00:00-04:00,76364.0,May,Spring,Saturday,False
2019-05-12 00:00:00-04:00,78270.0,May,Spring,Sunday,False
2019-05-13 00:00:00-04:00,85856.0,May,Spring,Monday,False
2019-05-14 00:00:00-04:00,83487.0,May,Spring,Tuesday,False
2019-05-15 00:00:00-04:00,83841.0,May,Spring,Wednesday,False
2019-05-16 00:00:00-04:00,87962.0,May,Spring,Thursday,False
2019-05-17 00:00:00-04:00,92168.0,May,Spring,Friday,False
2019-05-18 00:00:00-04:00,92672.0,May,Spring,Saturday,False
2019-05-19 00:00:00-04:00,99432.0,May,Spring,Sunday,False
2019-05-20 00:00:00-04:00,106274.0,May,Spring,Monday,False
2019-05-21 00:00:00-04:00,89252.0,May,Spring,Tuesday,False
2019-05-22 00:00:00-04:00,93782.0,May,Spring,Wednesday,False
2019-05-23 00:00:00-04:00,101358.0,May,Spring,Thursday,False
2019-05-24 00:00:00-04:00,101886.0,May,Spring,Friday,False
2019-05-25 00:00:00-04:00,96313.0,May,Spring,Saturday,False
2019-05-26 00:00:00-04:00,100764.0,May,Spring,Sunday,False
2019-05-27 00:00:00-04:00,99149.0,May,Spring,Monday,True
2019-05-28 00:00:00-04:00,114821.0,May,Spring,Tuesday,False
2019-05-29 00:00:00-04:00,114125.0,May,Spring,Wednesday,False
2019-05-30 00:00:00-04:00,107989.0,May,Spring,Thursday,False
2019-05-31 00:00:00-04:00,108744.0,May,Spring,Friday,False
2019-06-01 00:00:00-04:00,101614.0,June,Summer,Saturday,False
2019-06-02 00:00:00-04:00,95850.0,June,Summer,Sunday,False
2019-06-03 00:00:00-04:00,91883.0,June,Summer,Monday,False
2019-06-04 00:00:00-04:00,95024.0,June,Summer,Tuesday,False
2019-06-05 00:00:00-04:00,108431.0,June,Summer,Wednesday,False
2019-06-06 00:00:00-04:00,117110.0,June,Summer,Thursday,False
2019-06-07 00:00:00-04:00,105093.0,June,Summer,Friday,False
2019-06-08 00:00:00-04:00,94514.0,June,Summer,Saturday,False
2019-06-09 00:00:00-04:00,92133.0,June,Summer,Sunday,False
2019-06-10 00:00:00-04:00,99760.0,June,Summer,Monday,False
2019-06-11 00:00:00-04:00,100761.0,June,Summer,Tuesday,False
2019-06-12 00:00:00-04:00,95560.0,June,Summer,Wednesday,False
2019-06-13 00:00:00-04:00,90412.0,June,Summer,Thursday,False
2019-06-14 00:00:00-04:00,89692.0,June,Summer,Friday,False
2019-06-15 00:00:00-04:00,87818.0,June,Summer,Saturday,False
2019-06-16 00:00:00-04:00,98516.0,June,Summer,Sunday,False
2019-06-17 00:00:00-04:00,112450.0,June,Summer,Monday,False
2019-06-18 00:00:00-04:00,113023.0,June,Summer,Tuesday,False
2019-06-19 00:00:00-04:00,115264.0,June,Summer,Wednesday,False
2019-06-20 00:00:00-04:00,112504.0,June,Summer,Thursday,False
2019-06-21 00:00:00-04:00,103863.0,June,Summer,Friday,False
2019-06-22 00:00:00-04:00,96615.0,June,Summer,Saturday,False
2019-06-23 00:00:00-04:00,104995.0,June,Summer,Sunday,False
2019-06-24 00:00:00-04:00,120953.0,June,Summer,Monday,False
2019-06-25 00:00:00-04:00,125891.0,June,Summer,Tuesday,False
2019-06-26 00:00:00-04:00,134783.0,June,Summer,Wednesday,False
2019-06-27 00:00:00-04:00,136567.0,June,Summer,Thursday,False
2019-06-28 00:00:00-04:00,136089.0,June,Summer,Friday,False
2019-06-29 00:00:00-04:00,129901.0,June,Summer,Saturday,False
2019-06-30 00:00:00-04:00,118537.0,June,Summer,Sunday,False
2019-07-01 00:00:00-04:00,131527.0,July,Summer,Monday,False
2019-07-02 00:00:00-04:00,139398.0,July,Summer,Tuesday,False
2019-07-03 00:00:00-04:00,134227.0,July,Summer,Wednesday,False
2019-07-04 00:00:00-04:00,124863.0,July,Summer,Thursday,True
2019-07-05 00:00:00-04:00,133350.0,July,Summer,Friday,False
2019-07-06 00:00:00-04:00,126333.0,July,Summer,Saturday,False
2019-07-07 00:00:00-04:00,118571.0,July,Summer,Sunday,False
2019-07-08 00:00:00-04:00,120261.0,July,Summer,Monday,False
2019-07-09 00:00:00-04:00,134626.0,July,Summer,Tuesday,False
2019-07-10 00:00:00-04:00,142589.0,July,Summer,Wednesday,False
2019-07-11 00:00:00-04:00,132303.0,July,Summer,Thursday,False
2019-07-12 00:00:00-04:00,132355.0,July,Summer,Friday,False
2019-07-13 00:00:00-04:00,130683.0,July,Summer,Saturday,False
2019-07-14 00:00:00-04:00,132503.0,July,Summer,Sunday,False
2019-07-15 00:00:00-04:00,139607.0,July,Summer,Monday,False
2019-07-16 00:00:00-04:00,140733.0,July,Summer,Tuesday,False
2019-07-17 00:00:00-04:00,143961.0,July,Summer,Wednesday,False
2019-07-18 00:00:00-04:00,138468.0,July,Summer,Thursday,False
2019-07-19 00:00:00-04:00,152315.0,July,Summer,Friday,False
2019-07-20 00:00:00-04:00,150454.0,July,Summer,Saturday,False
2019-07-21 00:00:00-04:00,140535.0,July,Summer,Sunday,False
2019-07-22 00:00:00-04:00,130293.0,July,Summer,Monday,False
2019-07-23 00:00:00-04:00,108682.0,July,Summer,Tuesday,False
2019-07-24 00:00:00-04:00,117591.0,July,Summer,Wednesday,False
2019-07-25 00:00:00-04:00,123525.0,July,Summer,Thursday,False
2019-07-26 00:00:00-04:00,127003.0,July,Summer,Friday,False
2019-07-27 00:00:00-04:00,126152.0,July,Summer,Saturday,False
2019-07-28 00:00:00-04:00,133074.0,July,Summer,Sunday,False
2019-07-29 00:00:00-04:00,140619.0,July,Summer,Monday,False
2019-07-30 00:00:00-04:00,138514.0,July,Summer,Tuesday,False
2019-07-31 00:00:00-04:00,128858.0,July,Summer,Wednesday,False
2019-08-01 00:00:00-04:00,130795.0,August,Summer,Thursday,False
2019-08-02 00:00:00-04:00,127180.0,August,Summer,Friday,False
2019-08-03 00:00:00-04:00,124126.0,August,Summer,Saturday,False
2019-08-04 00:00:00-04:00,126390.0,August,Summer,Sunday,False
2019-08-05 00:00:00-04:00,133825.0,August,Summer,Monday,False
2019-08-06 00:00:00-04:00,131418.0,August,Summer,Tuesday,False
2019-08-07 00:00:00-04:00,129708.0,August,Summer,Wednesday,False
2019-08-08 00:00:00-04:00,133499.0,August,Summer,Thursday,False
2019-08-09 00:00:00-04:00,125969.0,August,Summer,Friday,False
2019-08-10 00:00:00-04:00,110795.0,August,Summer,Saturday,False
2019-08-11 00:00:00-04:00,111951.0,August,Summer,Sunday,False
2019-08-12 00:00:00-04:00,129095.0,August,Summer,Monday,False
2019-08-13 00:00:00-04:00,123570.0,August,Summer,Tuesday,False
2019-08-14 00:00:00-04:00,129079.0,August,Summer,Wednesday,False
2019-08-15 00:00:00-04:00,125540.0,August,Summer,Thursday,False
2019-08-16 00:00:00-04:00,128242.0,August,Summer,Friday,False
2019-08-17 00:00:00-04:00,123469.0,August,Summer,Saturday,False
2019-08-18 00:00:00-04:00,130392.0,August,Summer,Sunday,False
2019-08-19 00:00:00-04:00,142105.0,August,Summer,Monday,False
2019-08-20 00:00:00-04:00,137448.0,August,Summer,Tuesday,False
2019-08-21 00:00:00-04:00,137199.0,August,Summer,Wednesday,False
2019-08-22 00:00:00-04:00,132755.0,August,Summer,Thursday,False
2019-08-23 00:00:00-04:00,103042.0,August,Summer,Friday,False
2019-08-24 00:00:00-04:00,91900.0,August,Summer,Saturday,False
2019-08-25 00:00:00-04:00,93824.0,August,Summer,Sunday,False
2019-08-26 00:00:00-04:00,98904.0,August,Summer,Monday,False
2019-08-27 00:00:00-04:00,106075.0,August,Summer,Tuesday,False
2019-08-28 00:00:00-04:00,110536.0,August,Summer,Wednesday,False
2019-08-29 00:00:00-04:00,114944.0,August,Summer,Thursday,False
2019-08-30 00:00:00-04:00,117977.0,August,Summer,Friday,False
2019-08-31 00:00:00-04:00,102879.0,August,Summer,Saturday,False
2019-09-01 00:00:00-04:00,97167.0,September,Fall,Sunday,False
2019-09-02 00:00:00-04:00,110798.0,September,Fall,Monday,True
2019-09-03 00:00:00-04:00,122480.0,September,Fall,Tuesday,False
2019-09-04 00:00:00-04:00,126904.0,September,Fall,Wednesday,False
2019-09-05 00:00:00-04:00,105564.0,September,Fall,Thursday,False
2019-09-06 00:00:00-04:00,95624.0,September,Fall,Friday,False
2019-09-07 00:00:00-04:00,94326.0,September,Fall,Saturday,False
2019-09-08 00:00:00-04:00,94521.0,September,Fall,Sunday,False
2019-09-09 00:00:00-04:00,110590.0,September,Fall,Monday,False
2019-09-10 00:00:00-04:00,126699.0,September,Fall,Tuesday,False
2019-09-11 00:00:00-04:00,139587.0,September,Fall,Wednesday,False
2019-09-12 00:00:00-04:00,132788.0,September,Fall,Thursday,False
2019-09-13 00:00:00-04:00,109525.0,September,Fall,Friday,False
2019-09-14 00:00:00-04:00,99431.0,September,Fall,Saturday,False
2019-09-15 00:00:00-04:00,106420.0,September,Fall,Sunday,False
2019-09-16 00:00:00-04:00,120489.0,September,Fall,Monday,False
2019-09-17 00:00:00-04:00,111768.0,September,Fall,Tuesday,False
2019-09-18 00:00:00-04:00,105710.0,September,Fall,Wednesday,False
2019-09-19 00:00:00-04:00,101764.0,September,Fall,Thursday,False
2019-09-20 00:00:00-04:00,106715.0,September,Fall,Friday,False
2019-09-21 00:00:00-04:00,106101.0,September,Fall,Saturday,False
2019-09-22 00:00:00-04:00,114839.0,September,Fall,Sunday,False
2019-09-23 00:00:00-04:00,119223.0,September,Fall,Monday,False
2019-09-24 00:00:00-04:00,103700.0,September,Fall,Tuesday,False
2019-09-25 00:00:00-04:00,104670.0,September,Fall,Wednesday,False
2019-09-26 00:00:00-04:00,105327.0,September,Fall,Thursday,False
2019-09-27 00:00:00-04:00,101223.0,September,Fall,Friday,False
2019-09-28 00:00:00-04:00,103599.0,September,Fall,Saturday,False
2019-09-29 00:00:00-04:00,101335.0,September,Fall,Sunday,False
2019-09-30 00:00:00-04:00,109050.0,September,Fall,Monday,False
2019-10-01 00:00:00-04:00,125411.0,October,Fall,Tuesday,False
2019-10-02 00:00:00-04:00,126537.0,October,Fall,Wednesday,False
2019-10-03 00:00:00-04:00,109581.0,October,Fall,Thursday,False
2019-10-04 00:00:00-04:00,89676.0,October,Fall,Friday,False
2019-10-05 00:00:00-04:00,78017.0,October,Fall,Saturday,False
2019-10-06 00:00:00-04:00,83019.0,October,Fall,Sunday,False
2019-10-07 00:00:00-04:00,92798.0,October,Fall,Monday,False
2019-10-08 00:00:00-04:00,86576.0,October,Fall,Tuesday,False
2019-10-09 00:00:00-04:00,86956.0,October,Fall,Wednesday,False
2019-10-10 00:00:00-04:00,89248.0,October,Fall,Thursday,False
2019-10-11 00:00:00-04:00,84554.0,October,Fall,Friday,False
2019-10-12 00:00:00-04:00,76850.0,October,Fall,Saturday,False
2019-10-13 00:00:00-04:00,78086.0,October,Fall,Sunday,False
2019-10-14 00:00:00-04:00,86947.0,October,Fall,Monday,True
2019-10-15 00:00:00-04:00,86845.0,October,Fall,Tuesday,False
2019-10-16 00:00:00-04:00,87769.0,October,Fall,Wednesday,False
2019-10-17 00:00:00-04:00,87462.0,October,Fall,Thursday,False
2019-10-18 00:00:00-04:00,85981.0,October,Fall,Friday,False
2019-10-19 00:00:00-04:00,77741.0,October,Fall,Saturday,False
2019-10-20 00:00:00-04:00,80594.0,October,Fall,Sunday,False
2019-10-21 00:00:00-04:00,86979.0,October,Fall,Monday,False
2019-10-22 00:00:00-04:00,87743.0,October,Fall,Tuesday,False
2019-10-23 00:00:00-04:00,85888.0,October,Fall,Wednesday,False
2019-10-24 00:00:00-04:00,86894.0,October,Fall,Thursday,False
2019-10-25 00:00:00-04:00,85133.0,October,Fall,Friday,False
2019-10-26 00:00:00-04:00,78623.0,October,Fall,Saturday,False
2019-10-27 00:00:00-04:00,81689.0,October,Fall,Sunday,False
2019-10-28 00:00:00-04:00,87080.0,October,Fall,Monday,False
2019-10-29 00:00:00-04:00,87892.0,October,Fall,Tuesday,False
2019-10-30 00:00:00-04:00,89212.0,October,Fall,Wednesday,False
2019-10-31 00:00:00-04:00,92327.0,October,Fall,Thursday,False
2019-11-01 00:00:00-04:00,89906.0,November,Fall,Friday,False
2019-11-02 00:00:00-04:00,85974.0,November,Fall,Saturday,False
2019-11-03 00:00:00-04:00,85548.0,November,Fall,Sunday,False
2019-11-04 00:00:00-05:00,93722.0,November,Fall,Monday,False
2019-11-05 00:00:00-05:00,91746.0,November,Fall,Tuesday,False
2019-11-06 00:00:00-05:00,92345.0,November,Fall,Wednesday,False
2019-11-07 00:00:00-05:00,95454.0,November,Fall,Thursday,False
2019-11-08 00:00:00-05:00,99976.0,November,Fall,Friday,False
2019-11-09 00:00:00-05:00,92958.0,November,Fall,Saturday,False
2019-11-10 00:00:00-05:00,86017.0,November,Fall,Sunday,False
2019-11-11 00:00:00-05:00,94288.0,November,Fall,Monday,True
2019-11-12 00:00:00-05:00,110819.0,November,Fall,Tuesday,False
2019-11-13 00:00:00-05:00,113885.0,November,Fall,Wednesday,False
2019-11-14 00:00:00-05:00,110420.0,November,Fall,Thursday,False
2019-11-15 00:00:00-05:00,103810.0,November,Fall,Friday,False
2019-11-16 00:00:00-05:00,94160.0,November,Fall,Saturday,False
2019-11-17 00:00:00-05:00,93879.0,November,Fall,Sunday,False
2019-11-18 00:00:00-05:00,99722.0,November,Fall,Monday,False
2019-11-19 00:00:00-05:00,97696.0,November,Fall,Tuesday,False
2019-11-20 00:00:00-05:00,97768.0,November,Fall,Wednesday,False
2019-11-21 00:00:00-05:00,98459.0,November,Fall,Thursday,False
2019-11-22 00:00:00-05:00,95114.0,November,Fall,Friday,False
2019-11-23 00:00:00-05:00,92807.0,November,Fall,Saturday,False
2019-11-24 00:00:00-05:00,92950.0,November,Fall,Sunday,False
2019-11-25 00:00:00-05:00,99025.0,November,Fall,Monday,False
2019-11-26 00:00:00-05:00,97645.0,November,Fall,Tuesday,False
2019-11-27 00:00:00-05:00,93001.0,November,Fall,Wednesday,False
2019-11-28 00:00:00-05:00,86313.0,November,Fall,Thursday,True
2019-11-29 00:00:00-05:00,89710.0,November,Fall,Friday,False
2019-11-30 00:00:00-05:00,90845.0,November,Fall,Saturday,False
2019-12-01 00:00:00-05:00,103428.0,December,Winter,Sunday,False
2019-12-02 00:00:00-05:00,106648.0,December,Winter,Monday,False
2019-12-03 00:00:00-05:00,106407.0,December,Winter,Tuesday,False
2019-12-04 00:00:00-05:00,103938.0,December,Winter,Wednesday,False
2019-12-05 00:00:00-05:00,103056.0,December,Winter,Thursday,False
2019-12-06 00:00:00-05:00,102426.0,December,Winter,Friday,False
2019-12-07 00:00:00-05:00,97231.0,December,Winter,Saturday,False
2019-12-08 00:00:00-05:00,95819.0,December,Winter,Sunday,False
2019-12-09 00:00:00-05:00,100241.0,December,Winter,Monday,False
2019-12-10 00:00:00-05:00,103476.0,December,Winter,Tuesday,False
2019-12-11 00:00:00-05:00,417669.0,December,Winter,Wednesday,False
2019-12-12 00:00:00-05:00,155276.0,December,Winter,Thursday,False
2019-12-13 00:00:00-05:00,104624.0,December,Winter,Friday,False
2019-12-14 00:00:00-05:00,93847.0,December,Winter,Saturday,False
2019-12-15 00:00:00-05:00,99042.0,December,Winter,Sunday,False
2019-12-16 00:00:00-05:00,109216.0,December,Winter,Monday,False
2019-12-17 00:00:00-05:00,109244.0,December,Winter,Tuesday,False
2019-12-18 00:00:00-05:00,116826.0,December,Winter,Wednesday,False
2019-12-19 00:00:00-05:00,121418.0,December,Winter,Thursday,False
2019-12-20 00:00:00-05:00,117602.0,December,Winter,Friday,False
2019-12-21 00:00:00-05:00,101663.0,December,Winter,Saturday,False
2019-12-22 00:00:00-05:00,97771.0,December,Winter,Sunday,False
2019-12-23 00:00:00-05:00,100443.0,December,Winter,Monday,False
2019-12-24 00:00:00-05:00,91083.0,December,Winter,Tuesday,False
2019-12-25 00:00:00-05:00,87801.0,December,Winter,Wednesday,True
2019-12-26 00:00:00-05:00,92658.0,December,Winter,Thursday,False
2019-12-27 00:00:00-05:00,90458.0,December,Winter,Friday,False
2019-12-28 00:00:00-05:00,85857.0,December,Winter,Saturday,False
2019-12-29 00:00:00-05:00,87259.0,December,Winter,Sunday,False
2019-12-30 00:00:00-05:00,95082.0,December,Winter,Monday,False
2019-12-31 00:00:00-05:00,96162.0,December,Winter,Tuesday,False
2020-01-01 00:00:00-05:00,92863.0,January,Winter,Wednesday,True
2020-01-02 00:00:00-05:00,100999.0,January,Winter,Thursday,False
2020-01-03 00:00:00-05:00,94062.0,January,Winter,Friday,False
2020-01-04 00:00:00-05:00,91019.0,January,Winter,Saturday,False
2020-01-05 00:00:00-05:00,98057.0,January,Winter,Sunday,False
2020-01-06 00:00:00-05:00,102020.0,January,Winter,Monday,False
2020-01-07 00:00:00-05:00,105974.0,January,Winter,Tuesday,False
2020-01-08 00:00:00-05:00,108432.0,January,Winter,Wednesday,False
2020-01-09 00:00:00-05:00,112911.0,January,Winter,Thursday,False
2020-01-10 00:00:00-05:00,99268.0,January,Winter,Friday,False
2020-01-11 00:00:00-05:00,84356.0,January,Winter,Saturday,False
2020-01-12 00:00:00-05:00,87890.0,January,Winter,Sunday,False
2020-01-13 00:00:00-05:00,97897.0,January,Winter,Monday,False
2020-01-14 00:00:00-05:00,97741.0,January,Winter,Tuesday,False
2020-01-15 00:00:00-05:00,95493.0,January,Winter,Wednesday,False
2020-01-16 00:00:00-05:00,103566.0,January,Winter,Thursday,False
2020-01-17 00:00:00-05:00,109793.0,January,Winter,Friday,False
2020-01-18 00:00:00-05:00,102821.0,January,Winter,Saturday,False
2020-01-19 00:00:00-05:00,106163.0,January,Winter,Sunday,False
2020-01-20 00:00:00-05:00,115406.0,January,Winter,Monday,True
2020-01-21 00:00:00-05:00,119768.0,January,Winter,Tuesday,False
2020-01-22 00:00:00-05:00,120097.0,January,Winter,Wednesday,False
2020-01-23 00:00:00-05:00,113253.0,January,Winter,Thursday,False
2020-01-24 00:00:00-05:00,102281.0,January,Winter,Friday,False
2020-01-25 00:00:00-05:00,92950.0,January,Winter,Saturday,False
2020-01-26 00:00:00-05:00,96462.0,January,Winter,Sunday,False
2020-01-27 00:00:00-05:00,103588.0,January,Winter,Monday,False
2020-01-28 00:00:00-05:00,105389.0,January,Winter,Tuesday,False
2020-01-29 00:00:00-05:00,105233.0,January,Winter,Wednesday,False
2020-01-30 00:00:00-05:00,109155.0,January,Winter,Thursday,False
2020-01-31 00:00:00-05:00,104991.0,January,Winter,Friday,False
2020-02-01 00:00:00-05:00,93292.0,February,Winter,Saturday,False
2020-02-02 00:00:00-05:00,89400.0,February,Winter,Sunday,False
2020-02-03 00:00:00-05:00,95792.0,February,Winter,Monday,False
2020-02-04 00:00:00-05:00,94413.0,February,Winter,Tuesday,False
2020-02-05 00:00:00-05:00,102548.0,February,Winter,Wednesday,False
2020-02-06 00:00:00-05:00,101808.0,February,Winter,Thursday,False
2020-02-07 00:00:00-05:00,103630.0,February,Winter,Friday,False
2020-02-08 00:00:00-05:00,96780.0,February,Winter,Saturday,False
2020-02-09 00:00:00-05:00,95321.0,February,Winter,Sunday,False
2020-02-10 00:00:00-05:00,100016.0,February,Winter,Monday,False
2020-02-11 00:00:00-05:00,97835.0,February,Winter,Tuesday,False
2020-02-12 00:00:00-05:00,102611.0,February,Winter,Wednesday,False
2020-02-13 00:00:00-05:00,102393.0,February,Winter,Thursday,False
2020-02-14 00:00:00-05:00,110158.0,February,Winter,Friday,False
2020-02-15 00:00:00-05:00,108110.0,February,Winter,Saturday,False
2020-02-16 00:00:00-05:00,92144.0,February,Winter,Sunday,False
2020-02-17 00:00:00-05:00,98825.0,February,Winter,Monday,True
2020-02-18 00:00:00-05:00,97089.0,February,Winter,Tuesday,False
2020-02-19 00:00:00-05:00,100914.0,February,Winter,Wednesday,False
2020-02-20 00:00:00-05:00,109615.0,February,Winter,Thursday,False
2020-02-21 00:00:00-05:00,115629.0,February,Winter,Friday,False
2020-02-22 00:00:00-05:00,100372.0,February,Winter,Saturday,False
2020-02-23 00:00:00-05:00,91825.0,February,Winter,Sunday,False
2020-02-24 00:00:00-05:00,98897.0,February,Winter,Monday,False
2020-02-25 00:00:00-05:00,95841.0,February,Winter,Tuesday,False
2020-02-26 00:00:00-05:00,98364.0,February,Winter,Wednesday,False
2020-02-27 00:00:00-05:00,107689.0,February,Winter,Thursday,False
2020-02-28 00:00:00-05:00,106754.0,February,Winter,Friday,False
2020-02-29 00:00:00-05:00,99328.0,February,Winter,Saturday,False
2020-03-01 00:00:00-05:00,94429.0,March,Spring,Sunday,False
2020-03-02 00:00:00-05:00,97019.0,March,Spring,Monday,False
2020-03-03 00:00:00-05:00,92092.0,March,Spring,Tuesday,False
2020-03-04 00:00:00-05:00,93244.0,March,Spring,Wednesday,False
2020-03-05 00:00:00-05:00,95925.0,March,Spring,Thursday,False
2020-03-06 00:00:00-05:00,98199.0,March,Spring,Friday,False
2020-03-07 00:00:00-05:00,89870.0,March,Spring,Saturday,False
2020-03-08 00:00:00-05:00,83443.0,March,Spring,Sunday,False
2020-03-09 00:00:00-04:00,93679.0,March,Spring,Monday,False
2020-03-10 00:00:00-04:00,88451.0,March,Spring,Tuesday,False
2020-03-11 00:00:00-04:00,89329.0,March,Spring,Wednesday,False
2020-03-12 00:00:00-04:00,91466.0,March,Spring,Thursday,False
2020-03-13 00:00:00-04:00,86527.0,March,Spring,Friday,False
2020-03-14 00:00:00-04:00,85243.0,March,Spring,Saturday,False
2020-03-15 00:00:00-04:00,86197.0,March,Spring,Sunday,False
2020-03-16 00:00:00-04:00,95522.0,March,Spring,Monday,False
2020-03-17 00:00:00-04:00,92116.0,March,Spring,Tuesday,False
2020-03-18 00:00:00-04:00,89786.0,March,Spring,Wednesday,False
2020-03-19 00:00:00-04:00,86984.0,March,Spring,Thursday,False
2020-03-20 00:00:00-04:00,84277.0,March,Spring,Friday,False
2020-03-21 00:00:00-04:00,83987.0,March,Spring,Saturday,False
2020-03-22 00:00:00-04:00,84686.0,March,Spring,Sunday,False
2020-03-23 00:00:00-04:00,92837.0,March,Spring,Monday,False
2020-03-24 00:00:00-04:00,87708.0,March,Spring,Tuesday,False
2020-03-25 00:00:00-04:00,88172.0,March,Spring,Wednesday,False
2020-03-26 00:00:00-04:00,84725.0,March,Spring,Thursday,False
2020-03-27 00:00:00-04:00,78766.0,March,Spring,Friday,False
2020-03-28 00:00:00-04:00,79241.0,March,Spring,Saturday,False
2020-03-29 00:00:00-04:00,78358.0,March,Spring,Sunday,False
2020-03-30 00:00:00-04:00,81787.0,March,Spring,Monday,False
2020-03-31 00:00:00-04:00,86270.0,March,Spring,Tuesday,False
2020-04-01 00:00:00-04:00,85369.0,April,Spring,Wednesday,False
2020-04-02 00:00:00-04:00,83640.0,April,Spring,Thursday,False
2020-04-03 00:00:00-04:00,80949.0,April,Spring,Friday,False
2020-04-04 00:00:00-04:00,74722.0,April,Spring,Saturday,False
2020-04-05 00:00:00-04:00,74630.0,April,Spring,Sunday,False
2020-04-06 00:00:00-04:00,77941.0,April,Spring,Monday,False
2020-04-07 00:00:00-04:00,78783.0,April,Spring,Tuesday,False
2020-04-08 00:00:00-04:00,78701.0,April,Spring,Wednesday,False
2020-04-09 00:00:00-04:00,79156.0,April,Spring,Thursday,False
2020-04-10 00:00:00-04:00,215682.0,April,Spring,Friday,False
2020-04-11 00:00:00-04:00,74114.0,April,Spring,Saturday,False
2020-04-12 00:00:00-04:00,71387.0,April,Spring,Sunday,False
2020-04-13 00:00:00-04:00,80772.0,April,Spring,Monday,False
2020-04-14 00:00:00-04:00,81398.0,April,Spring,Tuesday,False
2020-04-15 00:00:00-04:00,85183.0,April,Spring,Wednesday,False
2020-04-16 00:00:00-04:00,84033.0,April,Spring,Thursday,False
2020-04-17 00:00:00-04:00,83707.0,April,Spring,Friday,False
2020-04-18 00:00:00-04:00,76254.0,April,Spring,Saturday,False
2020-04-19 00:00:00-04:00,72991.0,April,Spring,Sunday,False
2020-04-20 00:00:00-04:00,78645.0,April,Spring,Monday,False
2020-04-21 00:00:00-04:00,79211.0,April,Spring,Tuesday,False
2020-04-22 00:00:00-04:00,82447.0,April,Spring,Wednesday,False
2020-04-23 00:00:00-04:00,79536.0,April,Spring,Thursday,False
2020-04-24 00:00:00-04:00,79052.0,April,Spring,Friday,False
2020-04-25 00:00:00-04:00,73151.0,April,Spring,Saturday,False
2020-04-26 00:00:00-04:00,75648.0,April,Spring,Sunday,False
2020-04-27 00:00:00-04:00,80790.0,April,Spring,Monday,False
2020-04-28 00:00:00-04:00,77277.0,April,Spring,Tuesday,False
2020-04-29 00:00:00-04:00,77861.0,April,Spring,Wednesday,False
2020-04-30 00:00:00-04:00,79971.0,April,Spring,Thursday,False
2020-05-01 00:00:00-04:00,76245.0,May,Spring,Friday,False
2020-05-02 00:00:00-04:00,71344.0,May,Spring,Saturday,False
2020-05-03 00:00:00-04:00,75331.0,May,Spring,Sunday,False
2020-05-04 00:00:00-04:00,76861.0,May,Spring,Monday,False
2020-05-05 00:00:00-04:00,77869.0,May,Spring,Tuesday,False
2020-05-06 00:00:00-04:00,79790.0,May,Spring,Wednesday,False
2020-05-07 00:00:00-04:00,77403.0,May,Spring,Thursday,False
2020-05-08 00:00:00-04:00,79303.0,May,Spring,Friday,False
2020-05-09 00:00:00-04:00,76984.0,May,Spring,Saturday,False
2020-05-10 00:00:00-04:00,73967.0,May,Spring,Sunday,False
2020-05-11 00:00:00-04:00,80874.0,May,Spring,Monday,False
2020-05-12 00:00:00-04:00,79948.0,May,Spring,Tuesday,False
2020-05-13 00:00:00-04:00,78120.0,May,Spring,Wednesday,False
2020-05-14 00:00:00-04:00,78288.0,May,Spring,Thursday,False
2020-05-15 00:00:00-04:00,85664.0,May,Spring,Friday,False
2020-05-16 00:00:00-04:00,80430.0,May,Spring,Saturday,False
2020-05-17 00:00:00-04:00,77495.0,May,Spring,Sunday,False
2020-05-18 00:00:00-04:00,81303.0,May,Spring,Monday,False
2020-05-19 00:00:00-04:00,77868.0,May,Spring,Tuesday,False
2020-05-20 00:00:00-04:00,77809.0,May,Spring,Wednesday,False
2020-05-21 00:00:00-04:00,77676.0,May,Spring,Thursday,False
2020-05-22 00:00:00-04:00,80282.0,May,Spring,Friday,False
2020-05-23 00:00:00-04:00,82777.0,May,Spring,Saturday,False
2020-05-24 00:00:00-04:00,83577.0,May,Spring,Sunday,False
2020-05-25 00:00:00-04:00,90823.0,May,Spring,Monday,True
2020-05-26 00:00:00-04:00,108513.0,May,Spring,Tuesday,False
2020-05-27 00:00:00-04:00,105795.0,May,Spring,Wednesday,False
2020-05-28 00:00:00-04:00,104972.0,May,Spring,Thursday,False
2020-05-29 00:00:00-04:00,103608.0,May,Spring,Friday,False
2020-05-30 00:00:00-04:00,88030.0,May,Spring,Saturday,False
2020-05-31 00:00:00-04:00,77132.0,May,Spring,Sunday,False
2020-06-01 00:00:00-04:00,83747.0,June,Summer,Monday,False
2020-06-02 00:00:00-04:00,101458.0,June,Summer,Tuesday,False
2020-06-03 00:00:00-04:00,115479.0,June,Summer,Wednesday,False
2020-06-04 00:00:00-04:00,119640.0,June,Summer,Thursday,False
2020-06-05 00:00:00-04:00,117434.0,June,Summer,Friday,False
2020-06-06 00:00:00-04:00,113279.0,June,Summer,Saturday,False
2020-06-07 00:00:00-04:00,97748.0,June,Summer,Sunday,False
2020-06-08 00:00:00-04:00,111779.0,June,Summer,Monday,False
2020-06-09 00:00:00-04:00,127803.0,June,Summer,Tuesday,False
2020-06-10 00:00:00-04:00,131587.0,June,Summer,Wednesday,False
2020-06-11 00:00:00-04:00,111175.0,June,Summer,Thursday,False
2020-06-12 00:00:00-04:00,109045.0,June,Summer,Friday,False
2020-06-13 00:00:00-04:00,85352.0,June,Summer,Saturday,False
2020-06-14 00:00:00-04:00,81738.0,June,Summer,Sunday,False
2020-06-15 00:00:00-04:00,92394.0,June,Summer,Monday,False
2020-06-16 00:00:00-04:00,99110.0,June,Summer,Tuesday,False
2020-06-17 00:00:00-04:00,100902.0,June,Summer,Wednesday,False
2020-06-18 00:00:00-04:00,109180.0,June,Summer,Thursday,False
2020-06-19 00:00:00-04:00,114374.0,June,Summer,Friday,False
2020-06-20 00:00:00-04:00,109025.0,June,Summer,Saturday,False
2020-06-21 00:00:00-04:00,112192.0,June,Summer,Sunday,False
2020-06-22 00:00:00-04:00,124821.0,June,Summer,Monday,False
2020-06-23 00:00:00-04:00,121208.0,June,Summer,Tuesday,False
2020-06-24 00:00:00-04:00,113160.0,June,Summer,Wednesday,False
2020-06-25 00:00:00-04:00,113105.0,June,Summer,Thursday,False
2020-06-26 00:00:00-04:00,115836.0,June,Summer,Friday,False
2020-06-27 00:00:00-04:00,113415.0,June,Summer,Saturday,False
2020-06-28 00:00:00-04:00,119604.0,June,Summer,Sunday,False
2020-06-29 00:00:00-04:00,131102.0,June,Summer,Monday,False
2020-06-30 00:00:00-04:00,126958.0,June,Summer,Tuesday,False
2020-07-01 00:00:00-04:00,126001.0,July,Summer,Wednesday,False
2020-07-02 00:00:00-04:00,133037.0,July,Summer,Thursday,False
2020-07-03 00:00:00-04:00,134591.0,July,Summer,Friday,True
2020-07-04 00:00:00-04:00,125401.0,July,Summer,Saturday,True
2020-07-05 00:00:00-04:00,131403.0,July,Summer,Sunday,False
2020-07-06 00:00:00-04:00,142186.0,July,Summer,Monday,False
2020-07-07 00:00:00-04:00,136203.0,July,Summer,Tuesday,False
2020-07-08 00:00:00-04:00,139446.0,July,Summer,Wednesday,False
2020-07-09 00:00:00-04:00,144329.0,July,Summer,Thursday,False
2020-07-10 00:00:00-04:00,127951.0,July,Summer,Friday,False
2020-07-11 00:00:00-04:00,122954.0,July,Summer,Saturday,False
2020-07-12 00:00:00-04:00,117092.0,July,Summer,Sunday,False
2020-07-13 00:00:00-04:00,224345.0,July,Summer,Monday,False
2020-07-14 00:00:00-04:00,131031.0,July,Summer,Tuesday,False
2020-07-15 00:00:00-04:00,133404.0,July,Summer,Wednesday,False
2020-07-16 00:00:00-04:00,128543.0,July,Summer,Thursday,False
2020-07-17 00:00:00-04:00,138158.0,July,Summer,Friday,False
2020-07-18 00:00:00-04:00,138827.0,July,Summer,Saturday,False
2020-07-19 00:00:00-04:00,136404.0,July,Summer,Sunday,False
2020-07-20 00:00:00-04:00,145428.0,July,Summer,Monday,False
2020-07-21 00:00:00-04:00,141567.0,July,Summer,Tuesday,False
2020-07-22 00:00:00-04:00,137563.0,July,Summer,Wednesday,False
2020-07-23 00:00:00-04:00,134697.0,July,Summer,Thursday,False
2020-07-24 00:00:00-04:00,262651.0,July,Summer,Friday,False
2020-07-25 00:00:00-04:00,133237.0,July,Summer,Saturday,False
2020-07-26 00:00:00-04:00,140136.0,July,Summer,Sunday,False
2020-07-27 00:00:00-04:00,245799.0,July,Summer,Monday,False
2020-07-28 00:00:00-04:00,192229.0,July,Summer,Tuesday,False
2020-07-29 00:00:00-04:00,176085.0,July,Summer,Wednesday,False
2020-07-30 00:00:00-04:00,134691.0,July,Summer,Thursday,False
2020-07-31 00:00:00-04:00,120648.0,July,Summer,Friday,False
2020-08-01 00:00:00-04:00,117584.0,August,Summer,Saturday,False
2020-08-02 00:00:00-04:00,121406.0,August,Summer,Sunday,False
2020-08-03 00:00:00-04:00,98429.0,August,Summer,Monday,False
2020-08-04 00:00:00-04:00,108871.0,August,Summer,Tuesday,False
2020-08-05 00:00:00-04:00,116922.0,August,Summer,Wednesday,False
2020-08-06 00:00:00-04:00,115618.0,August,Summer,Thursday,False
2020-08-07 00:00:00-04:00,118076.0,August,Summer,Friday,False
2020-08-08 00:00:00-04:00,118797.0,August,Summer,Saturday,False
2020-08-09 00:00:00-04:00,130155.0,August,Summer,Sunday,False
2020-08-10 00:00:00-04:00,141498.0,August,Summer,Monday,False
2020-08-11 00:00:00-04:00,138808.0,August,Summer,Tuesday,False
2020-08-12 00:00:00-04:00,134277.0,August,Summer,Wednesday,False
2020-08-13 00:00:00-04:00,138575.0,August,Summer,Thursday,False
2020-08-14 00:00:00-04:00,129982.0,August,Summer,Friday,False
2020-08-15 00:00:00-04:00,108826.0,August,Summer,Saturday,False
2020-08-16 00:00:00-04:00,102161.0,August,Summer,Sunday,False
2020-08-17 00:00:00-04:00,118751.0,August,Summer,Monday,False
2020-08-18 00:00:00-04:00,116459.0,August,Summer,Tuesday,False
2020-08-19 00:00:00-04:00,113906.0,August,Summer,Wednesday,False
2020-08-20 00:00:00-04:00,117732.0,August,Summer,Thursday,False
2020-08-21 00:00:00-04:00,122430.0,August,Summer,Friday,False
2020-08-22 00:00:00-04:00,121327.0,August,Summer,Saturday,False
2020-08-23 00:00:00-04:00,125473.0,August,Summer,Sunday,False
2020-08-24 00:00:00-04:00,141058.0,August,Summer,Monday,False
2020-08-25 00:00:00-04:00,139448.0,August,Summer,Tuesday,False
2020-08-26 00:00:00-04:00,130276.0,August,Summer,Wednesday,False
2020-08-27 00:00:00-04:00,141606.0,August,Summer,Thursday,False
2020-08-28 00:00:00-04:00,134061.0,August,Summer,Friday,False
2020-08-29 00:00:00-04:00,114858.0,August,Summer,Saturday,False
2020-08-30 00:00:00-04:00,102548.0,August,Summer,Sunday,False
2020-08-31 00:00:00-04:00,106332.0,August,Summer,Monday,False
2020-09-01 00:00:00-04:00,112332.0,September,Fall,Tuesday,False
2020-09-02 00:00:00-04:00,124957.0,September,Fall,Wednesday,False
2020-09-03 00:00:00-04:00,250825.0,September,Fall,Thursday,False
2020-09-04 00:00:00-04:00,117663.0,September,Fall,Friday,False
2020-09-05 00:00:00-04:00,98530.0,September,Fall,Saturday,False
2020-09-06 00:00:00-04:00,98275.0,September,Fall,Sunday,False
2020-09-07 00:00:00-04:00,104078.0,September,Fall,Monday,True
2020-09-08 00:00:00-04:00,120566.0,September,Fall,Tuesday,False
2020-09-09 00:00:00-04:00,115985.0,September,Fall,Wednesday,False
2020-09-10 00:00:00-04:00,116640.0,September,Fall,Thursday,False
2020-09-11 00:00:00-04:00,102817.0,September,Fall,Friday,False
2020-09-12 00:00:00-04:00,94340.0,September,Fall,Saturday,False
2020-09-13 00:00:00-04:00,98203.0,September,Fall,Sunday,False
2020-09-14 00:00:00-04:00,99070.0,September,Fall,Monday,False
2020-09-15 00:00:00-04:00,88211.0,September,Fall,Tuesday,False
2020-09-16 00:00:00-04:00,91845.0,September,Fall,Wednesday,False
2020-09-17 00:00:00-04:00,90881.0,September,Fall,Thursday,False
2020-09-18 00:00:00-04:00,85190.0,September,Fall,Friday,False
2020-09-19 00:00:00-04:00,74883.0,September,Fall,Saturday,False
2020-09-20 00:00:00-04:00,76515.0,September,Fall,Sunday,False
2020-09-21 00:00:00-04:00,83518.0,September,Fall,Monday,False
2020-09-22 00:00:00-04:00,85161.0,September,Fall,Tuesday,False
2020-09-23 00:00:00-04:00,90512.0,September,Fall,Wednesday,False
2020-09-24 00:00:00-04:00,89930.0,September,Fall,Thursday,False
2020-09-25 00:00:00-04:00,90951.0,September,Fall,Friday,False
2020-09-26 00:00:00-04:00,85919.0,September,Fall,Saturday,False
2020-09-27 00:00:00-04:00,89957.0,September,Fall,Sunday,False
2020-09-28 00:00:00-04:00,98995.0,September,Fall,Monday,False
2020-09-29 00:00:00-04:00,91484.0,September,Fall,Tuesday,False
2020-09-30 00:00:00-04:00,84847.0,September,Fall,Wednesday,False
2020-10-01 00:00:00-04:00,85105.0,October,Fall,Thursday,False
2020-10-02 00:00:00-04:00,81265.0,October,Fall,Friday,False
2020-10-03 00:00:00-04:00,76005.0,October,Fall,Saturday,False
2020-10-04 00:00:00-04:00,77954.0,October,Fall,Sunday,False
2020-10-05 00:00:00-04:00,84451.0,October,Fall,Monday,False
2020-10-06 00:00:00-04:00,85239.0,October,Fall,Tuesday,False
2020-10-07 00:00:00-04:00,88605.0,October,Fall,Wednesday,False
2020-10-08 00:00:00-04:00,84821.0,October,Fall,Thursday,False
2020-10-09 00:00:00-04:00,83012.0,October,Fall,Friday,False
2020-10-10 00:00:00-04:00,79946.0,October,Fall,Saturday,False
2020-10-11 00:00:00-04:00,80326.0,October,Fall,Sunday,False
2020-10-12 00:00:00-04:00,87477.0,October,Fall,Monday,True
2020-10-13 00:00:00-04:00,85354.0,October,Fall,Tuesday,False
2020-10-14 00:00:00-04:00,85851.0,October,Fall,Wednesday,False
2020-10-15 00:00:00-04:00,86418.0,October,Fall,Thursday,False
2020-10-16 00:00:00-04:00,83693.0,October,Fall,Friday,False
2020-10-17 00:00:00-04:00,77649.0,October,Fall,Saturday,False
2020-10-18 00:00:00-04:00,79307.0,October,Fall,Sunday,False
2020-10-19 00:00:00-04:00,86627.0,October,Fall,Monday,False
2020-10-20 00:00:00-04:00,87979.0,October,Fall,Tuesday,False
2020-10-21 00:00:00-04:00,89428.0,October,Fall,Wednesday,False
2020-10-22 00:00:00-04:00,91309.0,October,Fall,Thursday,False
2020-10-23 00:00:00-04:00,88121.0,October,Fall,Friday,False
2020-10-24 00:00:00-04:00,79860.0,October,Fall,Saturday,False
2020-10-25 00:00:00-04:00,81853.0,October,Fall,Sunday,False
2020-10-26 00:00:00-04:00,88601.0,October,Fall,Monday,False
2020-10-27 00:00:00-04:00,87817.0,October,Fall,Tuesday,False
2020-10-28 00:00:00-04:00,87800.0,October,Fall,Wednesday,False
2020-10-29 00:00:00-04:00,89680.0,October,Fall,Thursday,False
2020-10-30 00:00:00-04:00,88061.0,October,Fall,Friday,False
2020-10-31 00:00:00-04:00,83122.0,October,Fall,Saturday,False
2020-11-01 00:00:00-04:00,75552.0,November,Fall,Sunday,False
2020-11-02 00:00:00-05:00,97093.0,November,Fall,Monday,False
2020-11-03 00:00:00-05:00,91280.0,November,Fall,Tuesday,False
2020-11-04 00:00:00-05:00,89091.0,November,Fall,Wednesday,False
2020-11-05 00:00:00-05:00,86823.0,November,Fall,Thursday,False
2020-11-06 00:00:00-05:00,84348.0,November,Fall,Friday,False
2020-11-07 00:00:00-05:00,78962.0,November,Fall,Saturday,False
2020-11-08 00:00:00-05:00,80919.0,November,Fall,Sunday,False
2020-11-09 00:00:00-05:00,89615.0,November,Fall,Monday,False
2020-11-10 00:00:00-05:00,90529.0,November,Fall,Tuesday,False
2020-11-11 00:00:00-05:00,90359.0,November,Fall,Wednesday,True
2020-11-12 00:00:00-05:00,89626.0,November,Fall,Thursday,False
2020-11-13 00:00:00-05:00,88177.0,November,Fall,Friday,False
2020-11-14 00:00:00-05:00,84624.0,November,Fall,Saturday,False
2020-11-15 00:00:00-05:00,84432.0,November,Fall,Sunday,False
2020-11-16 00:00:00-05:00,92826.0,November,Fall,Monday,False
2020-11-17 00:00:00-05:00,99445.0,November,Fall,Tuesday,False
2020-11-18 00:00:00-05:00,100919.0,November,Fall,Wednesday,False
2020-11-19 00:00:00-05:00,100510.0,November,Fall,Thursday,False
2020-11-20 00:00:00-05:00,89671.0,November,Fall,Friday,False
2020-11-21 00:00:00-05:00,83644.0,November,Fall,Saturday,False
2020-11-22 00:00:00-05:00,86088.0,November,Fall,Sunday,False
2020-11-23 00:00:00-05:00,95300.0,November,Fall,Monday,False
2020-11-24 00:00:00-05:00,95758.0,November,Fall,Tuesday,False
2020-11-25 00:00:00-05:00,90952.0,November,Fall,Wednesday,False
2020-11-26 00:00:00-05:00,79766.0,November,Fall,Thursday,True
2020-11-27 00:00:00-05:00,82517.0,November,Fall,Friday,False
2020-11-28 00:00:00-05:00,84515.0,November,Fall,Saturday,False
2020-11-29 00:00:00-05:00,87221.0,November,Fall,Sunday,False
2020-11-30 00:00:00-05:00,98493.0,November,Fall,Monday,False
2020-12-01 00:00:00-05:00,106284.0,December,Winter,Tuesday,False
2020-12-02 00:00:00-05:00,104230.0,December,Winter,Wednesday,False
2020-12-03 00:00:00-05:00,103921.0,December,Winter,Thursday,False
2020-12-04 00:00:00-05:00,96435.0,December,Winter,Friday,False
2020-12-05 00:00:00-05:00,96066.0,December,Winter,Saturday,False
2020-12-06 00:00:00-05:00,98747.0,December,Winter,Sunday,False
2020-12-07 00:00:00-05:00,109833.0,December,Winter,Monday,False
2020-12-08 00:00:00-05:00,109169.0,December,Winter,Tuesday,False
2020-12-09 00:00:00-05:00,105703.0,December,Winter,Wednesday,False
2020-12-10 00:00:00-05:00,102551.0,December,Winter,Thursday,False
2020-12-11 00:00:00-05:00,98318.0,December,Winter,Friday,False
2020-12-12 00:00:00-05:00,88779.0,December,Winter,Saturday,False
2020-12-13 00:00:00-05:00,91370.0,December,Winter,Sunday,False
2020-12-14 00:00:00-05:00,108372.0,December,Winter,Monday,False
2020-12-15 00:00:00-05:00,110091.0,December,Winter,Tuesday,False
2020-12-16 00:00:00-05:00,115179.0,December,Winter,Wednesday,False
2020-12-17 00:00:00-05:00,111678.0,December,Winter,Thursday,False
2020-12-18 00:00:00-05:00,110175.0,December,Winter,Friday,False
2020-12-19 00:00:00-05:00,103983.0,December,Winter,Saturday,False
2020-12-20 00:00:00-05:00,100595.0,December,Winter,Sunday,False
2020-12-21 00:00:00-05:00,104304.0,December,Winter,Monday,False
2020-12-22 00:00:00-05:00,103202.0,December,Winter,Tuesday,False
2020-12-23 00:00:00-05:00,103211.0,December,Winter,Wednesday,False
2020-12-24 00:00:00-05:00,94054.0,December,Winter,Thursday,False
2020-12-25 00:00:00-05:00,103321.0,December,Winter,Friday,True
2020-12-26 00:00:00-05:00,106080.0,December,Winter,Saturday,False
2020-12-27 00:00:00-05:00,100278.0,December,Winter,Sunday,False
2020-12-28 00:00:00-05:00,101659.0,December,Winter,Monday,False
2020-12-29 00:00:00-05:00,107665.0,December,Winter,Tuesday,False
2020-12-30 00:00:00-05:00,102123.0,December,Winter,Wednesday,False
2020-12-31 00:00:00-05:00,97808.0,December,Winter,Thursday,False
2021-01-01 00:00:00-05:00,98100.0,January,Winter,Friday,True
2021-01-02 00:00:00-05:00,91481.0,January,Winter,Saturday,False
2021-01-03 00:00:00-05:00,97739.0,January,Winter,Sunday,False
2021-01-04 00:00:00-05:00,104464.0,January,Winter,Monday,False
2021-01-05 00:00:00-05:00,105803.0,January,Winter,Tuesday,False
2021-01-06 00:00:00-05:00,106512.0,January,Winter,Wednesday,False
2021-01-07 00:00:00-05:00,105653.0,January,Winter,Thursday,False
2021-01-08 00:00:00-05:00,106744.0,January,Winter,Friday,False
2021-01-09 00:00:00-05:00,99976.0,January,Winter,Saturday,False
2021-01-10 00:00:00-05:00,99225.0,January,Winter,Sunday,False
2021-01-11 00:00:00-05:00,109640.0,January,Winter,Monday,False
2021-01-12 00:00:00-05:00,109751.0,January,Winter,Tuesday,False
2021-01-13 00:00:00-05:00,108843.0,January,Winter,Wednesday,False
2021-01-14 00:00:00-05:00,104247.0,January,Winter,Thursday,False
2021-01-15 00:00:00-05:00,101819.0,January,Winter,Friday,False
2021-01-16 00:00:00-05:00,98312.0,January,Winter,Saturday,False
2021-01-17 00:00:00-05:00,97047.0,January,Winter,Sunday,False
2021-01-18 00:00:00-05:00,106468.0,January,Winter,Monday,True
2021-01-19 00:00:00-05:00,106338.0,January,Winter,Tuesday,False
2021-01-20 00:00:00-05:00,108573.0,January,Winter,Wednesday,False
2021-01-21 00:00:00-05:00,108004.0,January,Winter,Thursday,False
2021-01-22 00:00:00-05:00,103538.0,January,Winter,Friday,False
2021-01-23 00:00:00-05:00,105287.0,January,Winter,Saturday,False
2021-01-24 00:00:00-05:00,103550.0,January,Winter,Sunday,False
2021-01-25 00:00:00-05:00,109300.0,January,Winter,Monday,False
2021-01-26 00:00:00-05:00,105820.0,January,Winter,Tuesday,False
2021-01-27 00:00:00-05:00,108165.0,January,Winter,Wednesday,False
2021-01-28 00:00:00-05:00,116674.0,January,Winter,Thursday,False
2021-01-29 00:00:00-05:00,117995.0,January,Winter,Friday,False
